{"$schema":"http://schema.management.azure.com/schemas/2015-01-01/deploymentTemplate.json#","contentVersion":"1.0.0.0","parameters":{"workspaceName":{"type":"string","metadata":"Workspace name","defaultValue":"venkysynapseworksp1001"}},"variables":{"workspaceId":"[concat('Microsoft.Synapse/workspaces/', parameters('workspaceName'))]"},"resources":[{"name":"[concat(parameters('workspaceName'), '/Create_Movies_Tables')]","type":"Microsoft.Synapse/workspaces/pipelines","apiVersion":"2019-06-01-preview","properties":{"activities":[{"name":"venkysqlpool_dbo_bulk_load_users","type":"SqlPoolStoredProcedure","dependsOn":[],"policy":{"timeout":"0.12:00:00","retry":0,"retryIntervalInSeconds":30,"secureOutput":false,"secureInput":false},"userProperties":[],"sqlPool":{"referenceName":"venkysqlpool","type":"SqlPoolReference"},"typeProperties":{"storedProcedureName":"[[dbo].[bulk_load_users]"}},{"name":"venkysqlpool_dbo_bulk_load_ratings","type":"SqlPoolStoredProcedure","dependsOn":[],"policy":{"timeout":"0.12:00:00","retry":0,"retryIntervalInSeconds":30,"secureOutput":false,"secureInput":false},"userProperties":[],"sqlPool":{"referenceName":"venkysqlpool","type":"SqlPoolReference"},"typeProperties":{"storedProcedureName":"[[dbo].[bulk_load_ratings]"}},{"name":"venkysqlpool_dbo_bulk_load_cast","type":"SqlPoolStoredProcedure","dependsOn":[],"policy":{"timeout":"0.12:00:00","retry":0,"retryIntervalInSeconds":30,"secureOutput":false,"secureInput":false},"userProperties":[],"sqlPool":{"referenceName":"venkysqlpool","type":"SqlPoolReference"},"typeProperties":{"storedProcedureName":"[[dbo].[bulk_load_cast]"}},{"name":"venkysqlpool_dbo_bulk_load_collections","type":"SqlPoolStoredProcedure","dependsOn":[],"policy":{"timeout":"0.12:00:00","retry":0,"retryIntervalInSeconds":30,"secureOutput":false,"secureInput":false},"userProperties":[],"sqlPool":{"referenceName":"venkysqlpool","type":"SqlPoolReference"},"typeProperties":{"storedProcedureName":"[[dbo].[bulk_load_collections]"}},{"name":"venkysqlpool_dbo_bulk_load_crew","type":"SqlPoolStoredProcedure","dependsOn":[],"policy":{"timeout":"0.12:00:00","retry":0,"retryIntervalInSeconds":30,"secureOutput":false,"secureInput":false},"userProperties":[],"sqlPool":{"referenceName":"venkysqlpool","type":"SqlPoolReference"},"typeProperties":{"storedProcedureName":"[[dbo].[bulk_load_crew]"}},{"name":"venkysqlpool_dbo_bulk_load_genre","type":"SqlPoolStoredProcedure","dependsOn":[],"policy":{"timeout":"0.12:00:00","retry":0,"retryIntervalInSeconds":30,"secureOutput":false,"secureInput":false},"userProperties":[],"sqlPool":{"referenceName":"venkysqlpool","type":"SqlPoolReference"},"typeProperties":{"storedProcedureName":"[[dbo].[bulk_load_genre]"}},{"name":"venkysqlpool_dbo_bulk_load_keywords","type":"SqlPoolStoredProcedure","dependsOn":[],"policy":{"timeout":"0.12:00:00","retry":0,"retryIntervalInSeconds":30,"secureOutput":false,"secureInput":false},"userProperties":[],"sqlPool":{"referenceName":"venkysqlpool","type":"SqlPoolReference"},"typeProperties":{"storedProcedureName":"[[dbo].[bulk_load_keywords]"}},{"name":"venkysqlpool_dbo_bulk_load_movie_collection","type":"SqlPoolStoredProcedure","dependsOn":[],"policy":{"timeout":"0.12:00:00","retry":0,"retryIntervalInSeconds":30,"secureOutput":false,"secureInput":false},"userProperties":[],"sqlPool":{"referenceName":"venkysqlpool","type":"SqlPoolReference"},"typeProperties":{"storedProcedureName":"[[dbo].[bulk_load_movie_collection]"}},{"name":"venkysqlpool_dbo_bulk_load_movie_genre","type":"SqlPoolStoredProcedure","dependsOn":[],"policy":{"timeout":"0.12:00:00","retry":0,"retryIntervalInSeconds":30,"secureOutput":false,"secureInput":false},"userProperties":[],"sqlPool":{"referenceName":"venkysqlpool","type":"SqlPoolReference"},"typeProperties":{"storedProcedureName":"[[dbo].[bulk_load_movie_genre]"}},{"name":"venkysqlpool_dbo_bulk_load_movie_keywords","type":"SqlPoolStoredProcedure","dependsOn":[],"policy":{"timeout":"0.12:00:00","retry":0,"retryIntervalInSeconds":30,"secureOutput":false,"secureInput":false},"userProperties":[],"sqlPool":{"referenceName":"venkysqlpool","type":"SqlPoolReference"},"typeProperties":{"storedProcedureName":"[[dbo].[bulk_load_movie_keywords]"}},{"name":"venkysqlpool_dbo_bulk_load_movie_production_company","type":"SqlPoolStoredProcedure","dependsOn":[],"policy":{"timeout":"0.12:00:00","retry":0,"retryIntervalInSeconds":30,"secureOutput":false,"secureInput":false},"userProperties":[],"sqlPool":{"referenceName":"venkysqlpool","type":"SqlPoolReference"},"typeProperties":{"storedProcedureName":"[[dbo].[bulk_load_movie_production_company]"}},{"name":"venkysqlpool_dbo_bulk_load_movie_production_country","type":"SqlPoolStoredProcedure","dependsOn":[],"policy":{"timeout":"0.12:00:00","retry":0,"retryIntervalInSeconds":30,"secureOutput":false,"secureInput":false},"userProperties":[],"sqlPool":{"referenceName":"venkysqlpool","type":"SqlPoolReference"},"typeProperties":{"storedProcedureName":"[[dbo].[bulk_load_movie_production_country]"}},{"name":"venkysqlpool_dbo_bulk_load_movie_spoken_lang","type":"SqlPoolStoredProcedure","dependsOn":[],"policy":{"timeout":"0.12:00:00","retry":0,"retryIntervalInSeconds":30,"secureOutput":false,"secureInput":false},"userProperties":[],"sqlPool":{"referenceName":"venkysqlpool","type":"SqlPoolReference"},"typeProperties":{"storedProcedureName":"[[dbo].[bulk_load_movie_spoken_lang]"}},{"name":"venkysqlpool_dbo_bulk_load_movies","type":"SqlPoolStoredProcedure","dependsOn":[],"policy":{"timeout":"0.12:00:00","retry":0,"retryIntervalInSeconds":30,"secureOutput":false,"secureInput":false},"userProperties":[],"sqlPool":{"referenceName":"venkysqlpool","type":"SqlPoolReference"},"typeProperties":{"storedProcedureName":"[[dbo].[bulk_load_movies]"}},{"name":"venkysqlpool_dbo_bulk_load_production_company","type":"SqlPoolStoredProcedure","dependsOn":[],"policy":{"timeout":"0.12:00:00","retry":0,"retryIntervalInSeconds":30,"secureOutput":false,"secureInput":false},"userProperties":[],"sqlPool":{"referenceName":"venkysqlpool","type":"SqlPoolReference"},"typeProperties":{"storedProcedureName":"[[dbo].[bulk_load_production_company]"}},{"name":"venkysqlpool_dbo_bulk_load_production_country","type":"SqlPoolStoredProcedure","dependsOn":[],"policy":{"timeout":"0.12:00:00","retry":0,"retryIntervalInSeconds":30,"secureOutput":false,"secureInput":false},"userProperties":[],"sqlPool":{"referenceName":"venkysqlpool","type":"SqlPoolReference"},"typeProperties":{"storedProcedureName":"[[dbo].[bulk_load_production_country]"}},{"name":"venkysqlpool_dbo_bulk_load_spoken_language","type":"SqlPoolStoredProcedure","dependsOn":[],"policy":{"timeout":"0.12:00:00","retry":0,"retryIntervalInSeconds":30,"secureOutput":false,"secureInput":false},"userProperties":[],"sqlPool":{"referenceName":"venkysqlpool","type":"SqlPoolReference"},"typeProperties":{"storedProcedureName":"[[dbo].[bulk_load_spoken_language]"}}],"policy":{"elapsedTimeMetric":{},"cancelAfter":{}},"annotations":[]},"dependsOn":["[concat(variables('workspaceId'), '/sqlPools/venkysqlpool')]","[concat(variables('workspaceId'), '/sqlPools/venkysqlpool')]","[concat(variables('workspaceId'), '/sqlPools/venkysqlpool')]","[concat(variables('workspaceId'), '/sqlPools/venkysqlpool')]","[concat(variables('workspaceId'), '/sqlPools/venkysqlpool')]","[concat(variables('workspaceId'), '/sqlPools/venkysqlpool')]","[concat(variables('workspaceId'), '/sqlPools/venkysqlpool')]","[concat(variables('workspaceId'), '/sqlPools/venkysqlpool')]","[concat(variables('workspaceId'), '/sqlPools/venkysqlpool')]","[concat(variables('workspaceId'), '/sqlPools/venkysqlpool')]","[concat(variables('workspaceId'), '/sqlPools/venkysqlpool')]","[concat(variables('workspaceId'), '/sqlPools/venkysqlpool')]","[concat(variables('workspaceId'), '/sqlPools/venkysqlpool')]","[concat(variables('workspaceId'), '/sqlPools/venkysqlpool')]","[concat(variables('workspaceId'), '/sqlPools/venkysqlpool')]","[concat(variables('workspaceId'), '/sqlPools/venkysqlpool')]","[concat(variables('workspaceId'), '/sqlPools/venkysqlpool')]"]},{"name":"[concat(parameters('workspaceName'), '/venkysqlpool')]","type":"Microsoft.Synapse/workspaces/sqlPools","apiVersion":"2019-06-01-preview","properties":{"annotations":[]},"dependsOn":[]},{"name":"[concat(parameters('workspaceName'), '/venkysqlpool')]","type":"Microsoft.Synapse/workspaces/sqlPools","apiVersion":"2019-06-01-preview","properties":{"annotations":[]},"dependsOn":[]},{"name":"[concat(parameters('workspaceName'), '/venkysqlpool')]","type":"Microsoft.Synapse/workspaces/sqlPools","apiVersion":"2019-06-01-preview","properties":{"annotations":[]},"dependsOn":[]},{"name":"[concat(parameters('workspaceName'), '/venkysqlpool')]","type":"Microsoft.Synapse/workspaces/sqlPools","apiVersion":"2019-06-01-preview","properties":{"annotations":[]},"dependsOn":[]},{"name":"[concat(parameters('workspaceName'), '/venkysqlpool')]","type":"Microsoft.Synapse/workspaces/sqlPools","apiVersion":"2019-06-01-preview","properties":{"annotations":[]},"dependsOn":[]},{"name":"[concat(parameters('workspaceName'), '/venkysqlpool')]","type":"Microsoft.Synapse/workspaces/sqlPools","apiVersion":"2019-06-01-preview","properties":{"annotations":[]},"dependsOn":[]},{"name":"[concat(parameters('workspaceName'), '/venkysqlpool')]","type":"Microsoft.Synapse/workspaces/sqlPools","apiVersion":"2019-06-01-preview","properties":{"annotations":[]},"dependsOn":[]},{"name":"[concat(parameters('workspaceName'), '/venkysqlpool')]","type":"Microsoft.Synapse/workspaces/sqlPools","apiVersion":"2019-06-01-preview","properties":{"annotations":[]},"dependsOn":[]},{"name":"[concat(parameters('workspaceName'), '/venkysqlpool')]","type":"Microsoft.Synapse/workspaces/sqlPools","apiVersion":"2019-06-01-preview","properties":{"annotations":[]},"dependsOn":[]},{"name":"[concat(parameters('workspaceName'), '/venkysqlpool')]","type":"Microsoft.Synapse/workspaces/sqlPools","apiVersion":"2019-06-01-preview","properties":{"annotations":[]},"dependsOn":[]},{"name":"[concat(parameters('workspaceName'), '/venkysqlpool')]","type":"Microsoft.Synapse/workspaces/sqlPools","apiVersion":"2019-06-01-preview","properties":{"annotations":[]},"dependsOn":[]},{"name":"[concat(parameters('workspaceName'), '/venkysqlpool')]","type":"Microsoft.Synapse/workspaces/sqlPools","apiVersion":"2019-06-01-preview","properties":{"annotations":[]},"dependsOn":[]},{"name":"[concat(parameters('workspaceName'), '/venkysqlpool')]","type":"Microsoft.Synapse/workspaces/sqlPools","apiVersion":"2019-06-01-preview","properties":{"annotations":[]},"dependsOn":[]},{"name":"[concat(parameters('workspaceName'), '/venkysqlpool')]","type":"Microsoft.Synapse/workspaces/sqlPools","apiVersion":"2019-06-01-preview","properties":{"annotations":[]},"dependsOn":[]},{"name":"[concat(parameters('workspaceName'), '/venkysqlpool')]","type":"Microsoft.Synapse/workspaces/sqlPools","apiVersion":"2019-06-01-preview","properties":{"annotations":[]},"dependsOn":[]},{"name":"[concat(parameters('workspaceName'), '/venkysqlpool')]","type":"Microsoft.Synapse/workspaces/sqlPools","apiVersion":"2019-06-01-preview","properties":{"annotations":[]},"dependsOn":[]},{"name":"[concat(parameters('workspaceName'), '/venkysqlpool')]","type":"Microsoft.Synapse/workspaces/sqlPools","apiVersion":"2019-06-01-preview","properties":{"annotations":[]},"dependsOn":[]}]}