{"$schema":"http://schema.management.azure.com/schemas/2015-01-01/deploymentTemplate.json#","contentVersion":"1.0.0.0","parameters":{"workspaceName":{"type":"string","metadata":"Workspace name","defaultValue":"venkysynapseworksp1001"}},"variables":{"workspaceId":"[concat('Microsoft.Synapse/workspaces/', parameters('workspaceName'))]"},"resources":[{"name":"[concat(parameters('workspaceName'), '/Create_Movies_Tables')]","type":"Microsoft.Synapse/workspaces/pipelines","apiVersion":"2019-06-01-preview","properties":{"activities":[{"name":"Bulk_Load_Users","description":"Call stored proc to bulk load users.","type":"SqlPoolStoredProcedure","dependsOn":[],"policy":{"timeout":"0.12:00:00","retry":0,"retryIntervalInSeconds":30,"secureOutput":false,"secureInput":false},"userProperties":[],"sqlPool":{"referenceName":"venkysqlpool","type":"SqlPoolReference"},"typeProperties":{"storedProcedureName":"[[dbo].[bulk_load_users]"}},{"name":"Bulk_Load_Ratings","description":"Bulk Load Ratings","type":"SqlPoolStoredProcedure","dependsOn":[{"activity":"Bulk_Load_Users","dependencyConditions":["Succeeded"]}],"policy":{"timeout":"0.12:00:00","retry":0,"retryIntervalInSeconds":30,"secureOutput":false,"secureInput":false},"userProperties":[],"sqlPool":{"referenceName":"venkysqlpool","type":"SqlPoolReference"},"typeProperties":{"storedProcedureName":"[[dbo].[bulk_load_ratings]"}}],"policy":{"elapsedTimeMetric":{},"cancelAfter":{}},"annotations":[]},"dependsOn":["[concat(variables('workspaceId'), '/sqlPools/venkysqlpool')]"]},{"name":"[concat(parameters('workspaceName'), '/venkysqlpool')]","type":"Microsoft.Synapse/workspaces/sqlPools","apiVersion":"2019-06-01-preview","properties":{"collation":"SQL_Latin1_General_CP1_CI_AS","maxSizeBytes":263882790666240,"annotations":[]},"dependsOn":[],"location":"southcentralus"}]}