{"$schema":"http://schema.management.azure.com/schemas/2015-01-01/deploymentTemplate.json#","contentVersion":"1.0.0.0","parameters":{"workspaceName":{"type":"string","metadata":"Workspace name","defaultValue":"venkysynapseworksp1001"}},"variables":{"workspaceId":"[concat('Microsoft.Synapse/workspaces/', parameters('workspaceName'))]"},"resources":[{"name":"[concat(parameters('workspaceName'), '/Create_Movies_Tables')]","type":"Microsoft.Synapse/workspaces/pipelines","apiVersion":"2019-06-01-preview","properties":{"activities":[{"name":"venkysqlpool_dbo_bulk_load_users","type":"SqlPoolStoredProcedure","dependsOn":[{"activity":"JSON_TO_PARQUET","dependencyConditions":["Succeeded"]}],"policy":{"timeout":"0.12:00:00","retry":0,"retryIntervalInSeconds":30,"secureOutput":false,"secureInput":false},"userProperties":[],"sqlPool":{"referenceName":"venkysqlpool","type":"SqlPoolReference"},"typeProperties":{"storedProcedureName":"[[dbo].[bulk_load_users]"}},{"name":"venkysqlpool_dbo_bulk_load_ratings","type":"SqlPoolStoredProcedure","dependsOn":[{"activity":"JSON_TO_PARQUET","dependencyConditions":["Succeeded"]}],"policy":{"timeout":"0.12:00:00","retry":0,"retryIntervalInSeconds":30,"secureOutput":false,"secureInput":false},"userProperties":[],"sqlPool":{"referenceName":"venkysqlpool","type":"SqlPoolReference"},"typeProperties":{"storedProcedureName":"[[dbo].[bulk_load_ratings]"}},{"name":"venkysqlpool_dbo_bulk_load_cast","type":"SqlPoolStoredProcedure","dependsOn":[{"activity":"JSON_TO_PARQUET","dependencyConditions":["Succeeded"]}],"policy":{"timeout":"0.12:00:00","retry":0,"retryIntervalInSeconds":30,"secureOutput":false,"secureInput":false},"userProperties":[],"sqlPool":{"referenceName":"venkysqlpool","type":"SqlPoolReference"},"typeProperties":{"storedProcedureName":"[[dbo].[bulk_load_cast]"}},{"name":"venkysqlpool_dbo_bulk_load_collections","type":"SqlPoolStoredProcedure","dependsOn":[{"activity":"JSON_TO_PARQUET","dependencyConditions":["Succeeded"]}],"policy":{"timeout":"0.12:00:00","retry":0,"retryIntervalInSeconds":30,"secureOutput":false,"secureInput":false},"userProperties":[],"sqlPool":{"referenceName":"venkysqlpool","type":"SqlPoolReference"},"typeProperties":{"storedProcedureName":"[[dbo].[bulk_load_collections]"}},{"name":"venkysqlpool_dbo_bulk_load_crew","type":"SqlPoolStoredProcedure","dependsOn":[{"activity":"JSON_TO_PARQUET","dependencyConditions":["Succeeded"]}],"policy":{"timeout":"0.12:00:00","retry":0,"retryIntervalInSeconds":30,"secureOutput":false,"secureInput":false},"userProperties":[],"sqlPool":{"referenceName":"venkysqlpool","type":"SqlPoolReference"},"typeProperties":{"storedProcedureName":"[[dbo].[bulk_load_crew]"}},{"name":"venkysqlpool_dbo_bulk_load_genre","type":"SqlPoolStoredProcedure","dependsOn":[{"activity":"JSON_TO_PARQUET","dependencyConditions":["Succeeded"]}],"policy":{"timeout":"0.12:00:00","retry":0,"retryIntervalInSeconds":30,"secureOutput":false,"secureInput":false},"userProperties":[],"sqlPool":{"referenceName":"venkysqlpool","type":"SqlPoolReference"},"typeProperties":{"storedProcedureName":"[[dbo].[bulk_load_genre]"}},{"name":"venkysqlpool_dbo_bulk_load_keywords","type":"SqlPoolStoredProcedure","dependsOn":[{"activity":"JSON_TO_PARQUET","dependencyConditions":["Succeeded"]}],"policy":{"timeout":"0.12:00:00","retry":0,"retryIntervalInSeconds":30,"secureOutput":false,"secureInput":false},"userProperties":[],"sqlPool":{"referenceName":"venkysqlpool","type":"SqlPoolReference"},"typeProperties":{"storedProcedureName":"[[dbo].[bulk_load_keywords]"}},{"name":"venkysqlpool_dbo_bulk_load_movie_collection","type":"SqlPoolStoredProcedure","dependsOn":[{"activity":"JSON_TO_PARQUET","dependencyConditions":["Succeeded"]}],"policy":{"timeout":"0.12:00:00","retry":0,"retryIntervalInSeconds":30,"secureOutput":false,"secureInput":false},"userProperties":[],"sqlPool":{"referenceName":"venkysqlpool","type":"SqlPoolReference"},"typeProperties":{"storedProcedureName":"[[dbo].[bulk_load_movie_collection]"}},{"name":"venkysqlpool_dbo_bulk_load_movie_genre","type":"SqlPoolStoredProcedure","dependsOn":[{"activity":"JSON_TO_PARQUET","dependencyConditions":["Succeeded"]}],"policy":{"timeout":"0.12:00:00","retry":0,"retryIntervalInSeconds":30,"secureOutput":false,"secureInput":false},"userProperties":[],"sqlPool":{"referenceName":"venkysqlpool","type":"SqlPoolReference"},"typeProperties":{"storedProcedureName":"[[dbo].[bulk_load_movie_genre]"}},{"name":"venkysqlpool_dbo_bulk_load_movie_keywords","type":"SqlPoolStoredProcedure","dependsOn":[{"activity":"JSON_TO_PARQUET","dependencyConditions":["Succeeded"]}],"policy":{"timeout":"0.12:00:00","retry":0,"retryIntervalInSeconds":30,"secureOutput":false,"secureInput":false},"userProperties":[],"sqlPool":{"referenceName":"venkysqlpool","type":"SqlPoolReference"},"typeProperties":{"storedProcedureName":"[[dbo].[bulk_load_movie_keywords]"}},{"name":"venkysqlpool_dbo_bulk_load_movie_production_company","type":"SqlPoolStoredProcedure","dependsOn":[{"activity":"JSON_TO_PARQUET","dependencyConditions":["Succeeded"]}],"policy":{"timeout":"0.12:00:00","retry":0,"retryIntervalInSeconds":30,"secureOutput":false,"secureInput":false},"userProperties":[],"sqlPool":{"referenceName":"venkysqlpool","type":"SqlPoolReference"},"typeProperties":{"storedProcedureName":"[[dbo].[bulk_load_movie_production_company]"}},{"name":"venkysqlpool_dbo_bulk_load_movie_production_country","type":"SqlPoolStoredProcedure","dependsOn":[{"activity":"JSON_TO_PARQUET","dependencyConditions":["Succeeded"]}],"policy":{"timeout":"0.12:00:00","retry":0,"retryIntervalInSeconds":30,"secureOutput":false,"secureInput":false},"userProperties":[],"sqlPool":{"referenceName":"venkysqlpool","type":"SqlPoolReference"},"typeProperties":{"storedProcedureName":"[[dbo].[bulk_load_movie_production_country]"}},{"name":"venkysqlpool_dbo_bulk_load_movie_spoken_lang","type":"SqlPoolStoredProcedure","dependsOn":[{"activity":"JSON_TO_PARQUET","dependencyConditions":["Succeeded"]}],"policy":{"timeout":"0.12:00:00","retry":0,"retryIntervalInSeconds":30,"secureOutput":false,"secureInput":false},"userProperties":[],"sqlPool":{"referenceName":"venkysqlpool","type":"SqlPoolReference"},"typeProperties":{"storedProcedureName":"[[dbo].[bulk_load_movie_spoken_lang]"}},{"name":"venkysqlpool_dbo_bulk_load_movies","type":"SqlPoolStoredProcedure","dependsOn":[{"activity":"JSON_TO_PARQUET","dependencyConditions":["Succeeded"]}],"policy":{"timeout":"0.12:00:00","retry":0,"retryIntervalInSeconds":30,"secureOutput":false,"secureInput":false},"userProperties":[],"sqlPool":{"referenceName":"venkysqlpool","type":"SqlPoolReference"},"typeProperties":{"storedProcedureName":"[[dbo].[bulk_load_movies]"}},{"name":"venkysqlpool_dbo_bulk_load_production_company","type":"SqlPoolStoredProcedure","dependsOn":[{"activity":"JSON_TO_PARQUET","dependencyConditions":["Succeeded"]}],"policy":{"timeout":"0.12:00:00","retry":0,"retryIntervalInSeconds":30,"secureOutput":false,"secureInput":false},"userProperties":[],"sqlPool":{"referenceName":"venkysqlpool","type":"SqlPoolReference"},"typeProperties":{"storedProcedureName":"[[dbo].[bulk_load_production_company]"}},{"name":"venkysqlpool_dbo_bulk_load_production_country","type":"SqlPoolStoredProcedure","dependsOn":[{"activity":"JSON_TO_PARQUET","dependencyConditions":["Succeeded"]}],"policy":{"timeout":"0.12:00:00","retry":0,"retryIntervalInSeconds":30,"secureOutput":false,"secureInput":false},"userProperties":[],"sqlPool":{"referenceName":"venkysqlpool","type":"SqlPoolReference"},"typeProperties":{"storedProcedureName":"[[dbo].[bulk_load_production_country]"}},{"name":"venkysqlpool_dbo_bulk_load_spoken_language","type":"SqlPoolStoredProcedure","dependsOn":[{"activity":"JSON_TO_PARQUET","dependencyConditions":["Succeeded"]}],"policy":{"timeout":"0.12:00:00","retry":0,"retryIntervalInSeconds":30,"secureOutput":false,"secureInput":false},"userProperties":[],"sqlPool":{"referenceName":"venkysqlpool","type":"SqlPoolReference"},"typeProperties":{"storedProcedureName":"[[dbo].[bulk_load_spoken_language]"}},{"name":"JSON_TO_PARQUET","description":"This notebook will convert the genre and movie_genre to parquet from json.","type":"SynapseNotebook","dependsOn":[],"policy":{"timeout":"0.12:00:00","retry":0,"retryIntervalInSeconds":30,"secureOutput":false,"secureInput":false},"userProperties":[],"typeProperties":{"notebook":{"referenceName":"JSON_TO_PARQUET","type":"NotebookReference"},"snapshot":true,"sparkPool":{"referenceName":"venkysparkpool","type":"BigDataPoolReference"},"executorSize":"Small","conf":{"spark.dynamicAllocation.enabled":false,"spark.dynamicAllocation.minExecutors":2,"spark.dynamicAllocation.maxExecutors":2},"driverSize":"Small","numExecutors":2}}],"policy":{"elapsedTimeMetric":{},"cancelAfter":{}},"annotations":[]},"dependsOn":["[concat(variables('workspaceId'), '/sqlPools/venkysqlpool')]","[concat(variables('workspaceId'), '/sqlPools/venkysqlpool')]","[concat(variables('workspaceId'), '/sqlPools/venkysqlpool')]","[concat(variables('workspaceId'), '/sqlPools/venkysqlpool')]","[concat(variables('workspaceId'), '/sqlPools/venkysqlpool')]","[concat(variables('workspaceId'), '/sqlPools/venkysqlpool')]","[concat(variables('workspaceId'), '/sqlPools/venkysqlpool')]","[concat(variables('workspaceId'), '/sqlPools/venkysqlpool')]","[concat(variables('workspaceId'), '/sqlPools/venkysqlpool')]","[concat(variables('workspaceId'), '/sqlPools/venkysqlpool')]","[concat(variables('workspaceId'), '/sqlPools/venkysqlpool')]","[concat(variables('workspaceId'), '/sqlPools/venkysqlpool')]","[concat(variables('workspaceId'), '/sqlPools/venkysqlpool')]","[concat(variables('workspaceId'), '/sqlPools/venkysqlpool')]","[concat(variables('workspaceId'), '/sqlPools/venkysqlpool')]","[concat(variables('workspaceId'), '/sqlPools/venkysqlpool')]","[concat(variables('workspaceId'), '/sqlPools/venkysqlpool')]","[concat(variables('workspaceId'), '/notebooks/JSON_TO_PARQUET')]","[concat(variables('workspaceId'), '/bigDataPools/venkysparkpool')]"]},{"name":"[concat(parameters('workspaceName'), '/venkysqlpool')]","type":"Microsoft.Synapse/workspaces/sqlPools","apiVersion":"2019-06-01-preview","properties":{"annotations":[]},"dependsOn":[]},{"name":"[concat(parameters('workspaceName'), '/venkysqlpool')]","type":"Microsoft.Synapse/workspaces/sqlPools","apiVersion":"2019-06-01-preview","properties":{"annotations":[]},"dependsOn":[]},{"name":"[concat(parameters('workspaceName'), '/venkysqlpool')]","type":"Microsoft.Synapse/workspaces/sqlPools","apiVersion":"2019-06-01-preview","properties":{"annotations":[]},"dependsOn":[]},{"name":"[concat(parameters('workspaceName'), '/venkysqlpool')]","type":"Microsoft.Synapse/workspaces/sqlPools","apiVersion":"2019-06-01-preview","properties":{"annotations":[]},"dependsOn":[]},{"name":"[concat(parameters('workspaceName'), '/venkysqlpool')]","type":"Microsoft.Synapse/workspaces/sqlPools","apiVersion":"2019-06-01-preview","properties":{"annotations":[]},"dependsOn":[]},{"name":"[concat(parameters('workspaceName'), '/venkysqlpool')]","type":"Microsoft.Synapse/workspaces/sqlPools","apiVersion":"2019-06-01-preview","properties":{"annotations":[]},"dependsOn":[]},{"name":"[concat(parameters('workspaceName'), '/venkysqlpool')]","type":"Microsoft.Synapse/workspaces/sqlPools","apiVersion":"2019-06-01-preview","properties":{"annotations":[]},"dependsOn":[]},{"name":"[concat(parameters('workspaceName'), '/venkysqlpool')]","type":"Microsoft.Synapse/workspaces/sqlPools","apiVersion":"2019-06-01-preview","properties":{"annotations":[]},"dependsOn":[]},{"name":"[concat(parameters('workspaceName'), '/venkysqlpool')]","type":"Microsoft.Synapse/workspaces/sqlPools","apiVersion":"2019-06-01-preview","properties":{"annotations":[]},"dependsOn":[]},{"name":"[concat(parameters('workspaceName'), '/venkysqlpool')]","type":"Microsoft.Synapse/workspaces/sqlPools","apiVersion":"2019-06-01-preview","properties":{"annotations":[]},"dependsOn":[]},{"name":"[concat(parameters('workspaceName'), '/venkysqlpool')]","type":"Microsoft.Synapse/workspaces/sqlPools","apiVersion":"2019-06-01-preview","properties":{"annotations":[]},"dependsOn":[]},{"name":"[concat(parameters('workspaceName'), '/venkysqlpool')]","type":"Microsoft.Synapse/workspaces/sqlPools","apiVersion":"2019-06-01-preview","properties":{"annotations":[]},"dependsOn":[]},{"name":"[concat(parameters('workspaceName'), '/venkysqlpool')]","type":"Microsoft.Synapse/workspaces/sqlPools","apiVersion":"2019-06-01-preview","properties":{"annotations":[]},"dependsOn":[]},{"name":"[concat(parameters('workspaceName'), '/venkysqlpool')]","type":"Microsoft.Synapse/workspaces/sqlPools","apiVersion":"2019-06-01-preview","properties":{"annotations":[]},"dependsOn":[]},{"name":"[concat(parameters('workspaceName'), '/venkysqlpool')]","type":"Microsoft.Synapse/workspaces/sqlPools","apiVersion":"2019-06-01-preview","properties":{"annotations":[]},"dependsOn":[]},{"name":"[concat(parameters('workspaceName'), '/venkysqlpool')]","type":"Microsoft.Synapse/workspaces/sqlPools","apiVersion":"2019-06-01-preview","properties":{"annotations":[]},"dependsOn":[]},{"name":"[concat(parameters('workspaceName'), '/venkysqlpool')]","type":"Microsoft.Synapse/workspaces/sqlPools","apiVersion":"2019-06-01-preview","properties":{"annotations":[]},"dependsOn":[]},{"name":"[concat(parameters('workspaceName'), '/JSON_TO_PARQUET')]","type":"Microsoft.Synapse/workspaces/notebooks","apiVersion":"2019-06-01-preview","properties":{"description":"Genre files werewritten as JSON, need to convert to parquet.","nbformat":4,"nbformat_minor":2,"bigDataPool":{"referenceName":"venkysparkpool","type":"BigDataPoolReference"},"sessionProperties":{"driverMemory":"28g","driverCores":4,"executorMemory":"28g","executorCores":4,"numExecutors":2,"conf":{"spark.dynamicAllocation.enabled":"false","spark.dynamicAllocation.minExecutors":"2","spark.dynamicAllocation.maxExecutors":"2","spark.autotune.trackingId":"b98402d2-c951-49fe-b94c-cb0d08a20b55"}},"metadata":{"saveOutput":true,"synapse_widget":{"version":"0.1","state":{}},"enableDebugMode":false,"kernelspec":{"name":"synapse_pyspark","display_name":"Synapse PySpark"},"language_info":{"name":"python"},"a365ComputeOptions":{"id":"/subscriptions/28e1e42a-4438-4c30-9a5f-7d7b488fd883/resourceGroups/1-17c38637-playground-sandbox/providers/Microsoft.Synapse/workspaces/venkysynapseworksp1001/bigDataPools/venkysparkpool","name":"venkysparkpool","type":"Spark","endpoint":"https://venkysynapseworksp1001.dev.azuresynapse.net/livyApi/versions/2019-11-01-preview/sparkPools/venkysparkpool","auth":{"type":"AAD","authResource":"https://dev.azuresynapse.net"},"sparkVersion":"3.1","nodeCount":3,"cores":4,"memory":28,"automaticScaleJobs":false},"sessionKeepAliveTimeout":30},"cells":[{"cell_type":"code","metadata":{},"source":["print(spark)"],"outputs":[{"output_type":"display_data","data":{"application/vnd.livy.statement-meta+json":{"spark_pool":"venkysparkpool","session_id":"1","statement_id":2,"state":"finished","livy_statement_state":"available","queued_time":"2023-10-10T02:23:11.1608684Z","session_start_time":"2023-10-10T02:23:11.2075076Z","execution_start_time":"2023-10-10T02:26:09.0779473Z","execution_finish_time":"2023-10-10T02:26:09.2816923Z","spark_jobs":null,"parent_msg_id":"7e081b51-c210-4c07-85bd-b415817307e4"},"text/plain":"StatementMeta(venkysparkpool, 1, 2, Finished, Available)"},"metadata":{}},{"name":"stdout","output_type":"stream","text":"<pyspark.sql.session.SparkSession object at 0x7f851eb75eb0>\n"}],"execution_count":9},{"cell_type":"code","metadata":{"jupyter":{"source_hidden":false,"outputs_hidden":false},"nteract":{"transient":{"deleting":false}}},"source":["json_genre = spark.read.json(\"abfss://files@venkydatalake1001.dfs.core.windows.net/bronze/movielens/genre\")\r\n","json_genre.printSchema()"],"outputs":[{"output_type":"display_data","data":{"application/vnd.livy.statement-meta+json":{"spark_pool":"venkysparkpool","session_id":"1","statement_id":3,"state":"finished","livy_statement_state":"available","queued_time":"2023-10-10T02:26:14.5874309Z","session_start_time":null,"execution_start_time":"2023-10-10T02:26:14.7558304Z","execution_finish_time":"2023-10-10T02:26:32.1374296Z","spark_jobs":null,"parent_msg_id":"30961313-983d-4f77-8c6e-39d2d4cd36e9"},"text/plain":"StatementMeta(venkysparkpool, 1, 3, Finished, Available)"},"metadata":{}},{"name":"stdout","output_type":"stream","text":"root\n |-- genre_id: long (nullable = true)\n |-- genre_name: string (nullable = true)\n\n"}],"execution_count":10},{"cell_type":"code","metadata":{"jupyter":{"source_hidden":false,"outputs_hidden":false},"nteract":{"transient":{"deleting":false}}},"source":["json_genre.write.mode(\"overwrite\").parquet(\"abfss://files@venkydatalake1001.dfs.core.windows.net/bronze/movielens/genre_parq\")"],"outputs":[{"output_type":"display_data","data":{"application/vnd.livy.statement-meta+json":{"spark_pool":"venkysparkpool","session_id":"1","statement_id":4,"state":"finished","livy_statement_state":"available","queued_time":"2023-10-10T02:26:38.6339248Z","session_start_time":null,"execution_start_time":"2023-10-10T02:26:38.7964053Z","execution_finish_time":"2023-10-10T02:26:42.9246552Z","spark_jobs":null,"parent_msg_id":"5931c782-eb3c-4ffb-8fad-eaa3bd54070e"},"text/plain":"StatementMeta(venkysparkpool, 1, 4, Finished, Available)"},"metadata":{}}],"execution_count":11},{"cell_type":"code","metadata":{"jupyter":{"source_hidden":false,"outputs_hidden":false},"nteract":{"transient":{"deleting":false}}},"source":["json_movie_genre = spark.read.json(\"abfss://files@venkydatalake1001.dfs.core.windows.net/bronze/movielens/movie_genre\")\r\n","json_movie_genre.printSchema()"],"outputs":[{"output_type":"display_data","data":{"application/vnd.livy.statement-meta+json":{"spark_pool":"venkysparkpool","session_id":"1","statement_id":5,"state":"finished","livy_statement_state":"available","queued_time":"2023-10-10T02:26:57.8879284Z","session_start_time":null,"execution_start_time":"2023-10-10T02:26:58.0397733Z","execution_finish_time":"2023-10-10T02:26:59.9983125Z","spark_jobs":null,"parent_msg_id":"96ccf239-7379-4ddb-85b8-f3331634eae3"},"text/plain":"StatementMeta(venkysparkpool, 1, 5, Finished, Available)"},"metadata":{}},{"name":"stdout","output_type":"stream","text":"root\n |-- genre_id: long (nullable = true)\n |-- movie_id: long (nullable = true)\n\n"}],"execution_count":12},{"cell_type":"code","metadata":{"jupyter":{"source_hidden":false,"outputs_hidden":false},"nteract":{"transient":{"deleting":false}}},"source":["json_movie_genre.write.mode(\"overwrite\").parquet(\"abfss://files@venkydatalake1001.dfs.core.windows.net/bronze/movielens/movie_genre_parq\")"],"outputs":[{"output_type":"display_data","data":{"application/vnd.livy.statement-meta+json":{"spark_pool":"venkysparkpool","session_id":"1","statement_id":6,"state":"finished","livy_statement_state":"available","queued_time":"2023-10-10T02:27:06.7934421Z","session_start_time":null,"execution_start_time":"2023-10-10T02:27:06.9524394Z","execution_finish_time":"2023-10-10T02:27:09.8885502Z","spark_jobs":null,"parent_msg_id":"d8b15f35-18f7-49bc-85ab-e94609cd9bb7"},"text/plain":"StatementMeta(venkysparkpool, 1, 6, Finished, Available)"},"metadata":{}}],"execution_count":13}]},"dependsOn":[]},{"name":"[concat(parameters('workspaceName'), '/venkysparkpool')]","type":"Microsoft.Synapse/workspaces/bigDataPools","apiVersion":"2019-06-01-preview","properties":{"autoPause":{"enabled":true,"delayInMinutes":15},"autoScale":{"enabled":true,"maxNodeCount":3,"minNodeCount":3},"nodeCount":3,"nodeSize":"Small","nodeSizeFamily":"MemoryOptimized","sparkVersion":"3.1","isComputeIsolationEnabled":false,"sessionLevelPackagesEnabled":false,"annotations":[]},"dependsOn":[],"location":"southcentralus"}]}