day,hour,latitude,longitude,month,temperature_2m,time,year
06,00:00,13.0,77.600006,05,21.0,2023-05-06T00:00,2023
06,01:00,13.0,77.600006,05,21.1,2023-05-06T01:00,2023
06,02:00,13.0,77.600006,05,21.8,2023-05-06T02:00,2023
06,03:00,13.0,77.600006,05,23.0,2023-05-06T03:00,2023
06,04:00,13.0,77.600006,05,24.7,2023-05-06T04:00,2023
06,05:00,13.0,77.600006,05,26.3,2023-05-06T05:00,2023
06,06:00,13.0,77.600006,05,27.3,2023-05-06T06:00,2023
06,07:00,13.0,77.600006,05,28.4,2023-05-06T07:00,2023
06,08:00,13.0,77.600006,05,29.2,2023-05-06T08:00,2023
06,09:00,13.0,77.600006,05,29.4,2023-05-06T09:00,2023
06,10:00,13.0,77.600006,05,29.3,2023-05-06T10:00,2023
06,11:00,13.0,77.600006,05,26.9,2023-05-06T11:00,2023
06,12:00,13.0,77.600006,05,25.3,2023-05-06T12:00,2023
06,13:00,13.0,77.600006,05,23.9,2023-05-06T13:00,2023
06,14:00,13.0,77.600006,05,23.1,2023-05-06T14:00,2023
06,15:00,13.0,77.600006,05,22.5,2023-05-06T15:00,2023
06,16:00,13.0,77.600006,05,22.1,2023-05-06T16:00,2023
06,17:00,13.0,77.600006,05,21.7,2023-05-06T17:00,2023
06,18:00,13.0,77.600006,05,21.6,2023-05-06T18:00,2023
06,19:00,13.0,77.600006,05,21.1,2023-05-06T19:00,2023
06,20:00,13.0,77.600006,05,20.7,2023-05-06T20:00,2023
06,21:00,13.0,77.600006,05,20.5,2023-05-06T21:00,2023
06,22:00,13.0,77.600006,05,20.5,2023-05-06T22:00,2023
06,23:00,13.0,77.600006,05,20.6,2023-05-06T23:00,2023
07,00:00,13.0,77.600006,05,20.7,2023-05-07T00:00,2023
07,01:00,13.0,77.600006,05,20.7,2023-05-07T01:00,2023
07,02:00,13.0,77.600006,05,21.2,2023-05-07T02:00,2023
07,03:00,13.0,77.600006,05,22.5,2023-05-07T03:00,2023
07,04:00,13.0,77.600006,05,23.2,2023-05-07T04:00,2023
07,05:00,13.0,77.600006,05,23.6,2023-05-07T05:00,2023
07,06:00,13.0,77.600006,05,24.1,2023-05-07T06:00,2023
07,07:00,13.0,77.600006,05,24.8,2023-05-07T07:00,2023
07,08:00,13.0,77.600006,05,25.1,2023-05-07T08:00,2023
07,09:00,13.0,77.600006,05,25.1,2023-05-07T09:00,2023
07,10:00,13.0,77.600006,05,25.1,2023-05-07T10:00,2023
07,11:00,13.0,77.600006,05,24.7,2023-05-07T11:00,2023
07,12:00,13.0,77.600006,05,24.2,2023-05-07T12:00,2023
07,13:00,13.0,77.600006,05,23.6,2023-05-07T13:00,2023
07,14:00,13.0,77.600006,05,23.0,2023-05-07T14:00,2023
07,15:00,13.0,77.600006,05,22.7,2023-05-07T15:00,2023
07,16:00,13.0,77.600006,05,22.5,2023-05-07T16:00,2023
07,17:00,13.0,77.600006,05,22.3,2023-05-07T17:00,2023
07,18:00,13.0,77.600006,05,22.2,2023-05-07T18:00,2023
07,19:00,13.0,77.600006,05,21.5,2023-05-07T19:00,2023
07,20:00,13.0,77.600006,05,21.0,2023-05-07T20:00,2023
07,21:00,13.0,77.600006,05,20.9,2023-05-07T21:00,2023
07,22:00,13.0,77.600006,05,20.9,2023-05-07T22:00,2023
07,23:00,13.0,77.600006,05,20.7,2023-05-07T23:00,2023
08,00:00,13.0,77.600006,05,20.6,2023-05-08T00:00,2023
08,01:00,13.0,77.600006,05,20.7,2023-05-08T01:00,2023
08,02:00,13.0,77.600006,05,21.6,2023-05-08T02:00,2023
08,03:00,13.0,77.600006,05,23.3,2023-05-08T03:00,2023
08,04:00,13.0,77.600006,05,25.1,2023-05-08T04:00,2023
08,05:00,13.0,77.600006,05,27.0,2023-05-08T05:00,2023
08,06:00,13.0,77.600006,05,28.2,2023-05-08T06:00,2023
08,07:00,13.0,77.600006,05,29.0,2023-05-08T07:00,2023
08,08:00,13.0,77.600006,05,29.5,2023-05-08T08:00,2023
08,09:00,13.0,77.600006,05,29.0,2023-05-08T09:00,2023
08,10:00,13.0,77.600006,05,26.9,2023-05-08T10:00,2023
08,11:00,13.0,77.600006,05,25.9,2023-05-08T11:00,2023
08,12:00,13.0,77.600006,05,24.2,2023-05-08T12:00,2023
08,13:00,13.0,77.600006,05,23.0,2023-05-08T13:00,2023
08,14:00,13.0,77.600006,05,22.3,2023-05-08T14:00,2023
08,15:00,13.0,77.600006,05,21.9,2023-05-08T15:00,2023
08,16:00,13.0,77.600006,05,21.6,2023-05-08T16:00,2023
08,17:00,13.0,77.600006,05,21.6,2023-05-08T17:00,2023
08,18:00,13.0,77.600006,05,21.2,2023-05-08T18:00,2023
08,19:00,13.0,77.600006,05,21.0,2023-05-08T19:00,2023
08,20:00,13.0,77.600006,05,21.0,2023-05-08T20:00,2023
08,21:00,13.0,77.600006,05,20.6,2023-05-08T21:00,2023
08,22:00,13.0,77.600006,05,20.4,2023-05-08T22:00,2023
08,23:00,13.0,77.600006,05,20.3,2023-05-08T23:00,2023
09,00:00,13.0,77.600006,05,20.2,2023-05-09T00:00,2023
09,01:00,13.0,77.600006,05,20.3,2023-05-09T01:00,2023
09,02:00,13.0,77.600006,05,21.3,2023-05-09T02:00,2023
09,03:00,13.0,77.600006,05,23.3,2023-05-09T03:00,2023
09,04:00,13.0,77.600006,05,25.4,2023-05-09T04:00,2023
09,05:00,13.0,77.600006,05,27.0,2023-05-09T05:00,2023
09,06:00,13.0,77.600006,05,28.4,2023-05-09T06:00,2023
09,07:00,13.0,77.600006,05,29.5,2023-05-09T07:00,2023
09,08:00,13.0,77.600006,05,30.3,2023-05-09T08:00,2023
09,09:00,13.0,77.600006,05,30.3,2023-05-09T09:00,2023
09,10:00,13.0,77.600006,05,29.9,2023-05-09T10:00,2023
09,11:00,13.0,77.600006,05,29.0,2023-05-09T11:00,2023
09,12:00,13.0,77.600006,05,27.7,2023-05-09T12:00,2023
09,13:00,13.0,77.600006,05,25.9,2023-05-09T13:00,2023
09,14:00,13.0,77.600006,05,24.7,2023-05-09T14:00,2023
09,15:00,13.0,77.600006,05,23.6,2023-05-09T15:00,2023
09,16:00,13.0,77.600006,05,22.9,2023-05-09T16:00,2023
09,17:00,13.0,77.600006,05,22.0,2023-05-09T17:00,2023
09,18:00,13.0,77.600006,05,21.4,2023-05-09T18:00,2023
09,19:00,13.0,77.600006,05,21.7,2023-05-09T19:00,2023
09,20:00,13.0,77.600006,05,21.5,2023-05-09T20:00,2023
09,21:00,13.0,77.600006,05,21.3,2023-05-09T21:00,2023
09,22:00,13.0,77.600006,05,21.0,2023-05-09T22:00,2023
09,23:00,13.0,77.600006,05,20.9,2023-05-09T23:00,2023
10,00:00,13.0,77.600006,05,20.8,2023-05-10T00:00,2023
10,01:00,13.0,77.600006,05,20.8,2023-05-10T01:00,2023
10,02:00,13.0,77.600006,05,21.6,2023-05-10T02:00,2023
10,03:00,13.0,77.600006,05,23.6,2023-05-10T03:00,2023
10,04:00,13.0,77.600006,05,25.9,2023-05-10T04:00,2023
10,05:00,13.0,77.600006,05,27.9,2023-05-10T05:00,2023
10,06:00,13.0,77.600006,05,29.4,2023-05-10T06:00,2023
10,07:00,13.0,77.600006,05,30.7,2023-05-10T07:00,2023
10,08:00,13.0,77.600006,05,31.4,2023-05-10T08:00,2023
10,09:00,13.0,77.600006,05,31.6,2023-05-10T09:00,2023
10,10:00,13.0,77.600006,05,31.8,2023-05-10T10:00,2023
10,11:00,13.0,77.600006,05,31.5,2023-05-10T11:00,2023
10,12:00,13.0,77.600006,05,30.5,2023-05-10T12:00,2023
10,13:00,13.0,77.600006,05,28.8,2023-05-10T13:00,2023
10,14:00,13.0,77.600006,05,26.5,2023-05-10T14:00,2023
10,15:00,13.0,77.600006,05,25.8,2023-05-10T15:00,2023
10,16:00,13.0,77.600006,05,25.0,2023-05-10T16:00,2023
10,17:00,13.0,77.600006,05,24.0,2023-05-10T17:00,2023
10,18:00,13.0,77.600006,05,23.2,2023-05-10T18:00,2023
10,19:00,13.0,77.600006,05,23.1,2023-05-10T19:00,2023
10,20:00,13.0,77.600006,05,22.6,2023-05-10T20:00,2023
10,21:00,13.0,77.600006,05,22.2,2023-05-10T21:00,2023
10,22:00,13.0,77.600006,05,21.8,2023-05-10T22:00,2023
10,23:00,13.0,77.600006,05,21.5,2023-05-10T23:00,2023
11,00:00,13.0,77.600006,05,21.3,2023-05-11T00:00,2023
11,01:00,13.0,77.600006,05,21.4,2023-05-11T01:00,2023
11,02:00,13.0,77.600006,05,22.9,2023-05-11T02:00,2023
11,03:00,13.0,77.600006,05,24.9,2023-05-11T03:00,2023
11,04:00,13.0,77.600006,05,27.0,2023-05-11T04:00,2023
11,05:00,13.0,77.600006,05,28.8,2023-05-11T05:00,2023
11,06:00,13.0,77.600006,05,30.1,2023-05-11T06:00,2023
11,07:00,13.0,77.600006,05,31.1,2023-05-11T07:00,2023
11,08:00,13.0,77.600006,05,31.7,2023-05-11T08:00,2023
11,09:00,13.0,77.600006,05,31.7,2023-05-11T09:00,2023
11,10:00,13.0,77.600006,05,31.2,2023-05-11T10:00,2023
11,11:00,13.0,77.600006,05,30.7,2023-05-11T11:00,2023
11,12:00,13.0,77.600006,05,29.0,2023-05-11T12:00,2023
11,13:00,13.0,77.600006,05,26.8,2023-05-11T13:00,2023
11,14:00,13.0,77.600006,05,25.6,2023-05-11T14:00,2023
11,15:00,13.0,77.600006,05,24.7,2023-05-11T15:00,2023
11,16:00,13.0,77.600006,05,23.7,2023-05-11T16:00,2023
11,17:00,13.0,77.600006,05,22.9,2023-05-11T17:00,2023
11,18:00,13.0,77.600006,05,22.4,2023-05-11T18:00,2023
11,19:00,13.0,77.600006,05,22.6,2023-05-11T19:00,2023
11,20:00,13.0,77.600006,05,22.3,2023-05-11T20:00,2023
11,21:00,13.0,77.600006,05,21.9,2023-05-11T21:00,2023
11,22:00,13.0,77.600006,05,21.7,2023-05-11T22:00,2023
11,23:00,13.0,77.600006,05,21.6,2023-05-11T23:00,2023
12,00:00,13.0,77.600006,05,21.2,2023-05-12T00:00,2023
12,01:00,13.0,77.600006,05,21.2,2023-05-12T01:00,2023
12,02:00,13.0,77.600006,05,22.9,2023-05-12T02:00,2023
12,03:00,13.0,77.600006,05,24.8,2023-05-12T03:00,2023
12,04:00,13.0,77.600006,05,26.8,2023-05-12T04:00,2023
12,05:00,13.0,77.600006,05,28.5,2023-05-12T05:00,2023
12,06:00,13.0,77.600006,05,29.4,2023-05-12T06:00,2023
12,07:00,13.0,77.600006,05,29.8,2023-05-12T07:00,2023
12,08:00,13.0,77.600006,05,30.1,2023-05-12T08:00,2023
12,09:00,13.0,77.600006,05,30.4,2023-05-12T09:00,2023
12,10:00,13.0,77.600006,05,30.5,2023-05-12T10:00,2023
12,11:00,13.0,77.600006,05,30.2,2023-05-12T11:00,2023
12,12:00,13.0,77.600006,05,29.6,2023-05-12T12:00,2023
12,13:00,13.0,77.600006,05,27.8,2023-05-12T13:00,2023
12,14:00,13.0,77.600006,05,26.6,2023-05-12T14:00,2023
12,15:00,13.0,77.600006,05,26.0,2023-05-12T15:00,2023
12,16:00,13.0,77.600006,05,25.2,2023-05-12T16:00,2023
12,17:00,13.0,77.600006,05,24.5,2023-05-12T17:00,2023
12,18:00,13.0,77.600006,05,23.9,2023-05-12T18:00,2023
12,19:00,13.0,77.600006,05,23.2,2023-05-12T19:00,2023
12,20:00,13.0,77.600006,05,22.6,2023-05-12T20:00,2023
12,21:00,13.0,77.600006,05,22.2,2023-05-12T21:00,2023
12,22:00,13.0,77.600006,05,21.7,2023-05-12T22:00,2023
12,23:00,13.0,77.600006,05,21.6,2023-05-12T23:00,2023
13,00:00,13.0,77.600006,05,21.2,2023-05-13T00:00,2023
13,01:00,13.0,77.600006,05,21.3,2023-05-13T01:00,2023
13,02:00,13.0,77.600006,05,22.4,2023-05-13T02:00,2023
13,03:00,13.0,77.600006,05,24.1,2023-05-13T03:00,2023
13,04:00,13.0,77.600006,05,25.9,2023-05-13T04:00,2023
13,05:00,13.0,77.600006,05,27.6,2023-05-13T05:00,2023
13,06:00,13.0,77.600006,05,28.9,2023-05-13T06:00,2023
13,07:00,13.0,77.600006,05,29.6,2023-05-13T07:00,2023
13,08:00,13.0,77.600006,05,30.2,2023-05-13T08:00,2023
13,09:00,13.0,77.600006,05,30.2,2023-05-13T09:00,2023
13,10:00,13.0,77.600006,05,28.8,2023-05-13T10:00,2023
13,11:00,13.0,77.600006,05,27.5,2023-05-13T11:00,2023
13,12:00,13.0,77.600006,05,26.7,2023-05-13T12:00,2023
13,13:00,13.0,77.600006,05,25.7,2023-05-13T13:00,2023
13,14:00,13.0,77.600006,05,25.1,2023-05-13T14:00,2023
13,15:00,13.0,77.600006,05,24.6,2023-05-13T15:00,2023
13,16:00,13.0,77.600006,05,24.1,2023-05-13T16:00,2023
13,17:00,13.0,77.600006,05,23.7,2023-05-13T17:00,2023
13,18:00,13.0,77.600006,05,23.2,2023-05-13T18:00,2023
13,19:00,13.0,77.600006,05,22.5,2023-05-13T19:00,2023
13,20:00,13.0,77.600006,05,22.0,2023-05-13T20:00,2023
13,21:00,13.0,77.600006,05,21.4,2023-05-13T21:00,2023
13,22:00,13.0,77.600006,05,21.0,2023-05-13T22:00,2023
13,23:00,13.0,77.600006,05,21.0,2023-05-13T23:00,2023
14,00:00,13.0,77.600006,05,21.1,2023-05-14T00:00,2023
14,01:00,13.0,77.600006,05,21.3,2023-05-14T01:00,2023
14,02:00,13.0,77.600006,05,22.1,2023-05-14T02:00,2023
14,03:00,13.0,77.600006,05,23.7,2023-05-14T03:00,2023
14,04:00,13.0,77.600006,05,25.8,2023-05-14T04:00,2023
14,05:00,13.0,77.600006,05,27.7,2023-05-14T05:00,2023
14,06:00,13.0,77.600006,05,29.2,2023-05-14T06:00,2023
14,07:00,13.0,77.600006,05,30.5,2023-05-14T07:00,2023
14,08:00,13.0,77.600006,05,31.5,2023-05-14T08:00,2023
14,09:00,13.0,77.600006,05,31.9,2023-05-14T09:00,2023
14,10:00,13.0,77.600006,05,31.7,2023-05-14T10:00,2023
14,11:00,13.0,77.600006,05,31.2,2023-05-14T11:00,2023
14,12:00,13.0,77.600006,05,30.2,2023-05-14T12:00,2023
14,13:00,13.0,77.600006,05,28.7,2023-05-14T13:00,2023
14,14:00,13.0,77.600006,05,27.2,2023-05-14T14:00,2023
14,15:00,13.0,77.600006,05,25.9,2023-05-14T15:00,2023
14,16:00,13.0,77.600006,05,25.2,2023-05-14T16:00,2023
14,17:00,13.0,77.600006,05,24.5,2023-05-14T17:00,2023
14,18:00,13.0,77.600006,05,24.1,2023-05-14T18:00,2023
14,19:00,13.0,77.600006,05,23.7,2023-05-14T19:00,2023
14,20:00,13.0,77.600006,05,23.0,2023-05-14T20:00,2023
14,21:00,13.0,77.600006,05,22.3,2023-05-14T21:00,2023
14,22:00,13.0,77.600006,05,21.7,2023-05-14T22:00,2023
14,23:00,13.0,77.600006,05,21.3,2023-05-14T23:00,2023
15,00:00,13.0,77.600006,05,20.9,2023-05-15T00:00,2023
15,01:00,13.0,77.600006,05,20.9,2023-05-15T01:00,2023
15,02:00,13.0,77.600006,05,22.4,2023-05-15T02:00,2023
15,03:00,13.0,77.600006,05,24.4,2023-05-15T03:00,2023
15,04:00,13.0,77.600006,05,26.5,2023-05-15T04:00,2023
15,05:00,13.0,77.600006,05,28.4,2023-05-15T05:00,2023
15,06:00,13.0,77.600006,05,29.8,2023-05-15T06:00,2023
15,07:00,13.0,77.600006,05,30.9,2023-05-15T07:00,2023
15,08:00,13.0,77.600006,05,31.6,2023-05-15T08:00,2023
15,09:00,13.0,77.600006,05,31.9,2023-05-15T09:00,2023
15,10:00,13.0,77.600006,05,31.8,2023-05-15T10:00,2023
15,11:00,13.0,77.600006,05,31.4,2023-05-15T11:00,2023
15,12:00,13.0,77.600006,05,30.4,2023-05-15T12:00,2023
15,13:00,13.0,77.600006,05,28.9,2023-05-15T13:00,2023
15,14:00,13.0,77.600006,05,27.2,2023-05-15T14:00,2023
15,15:00,13.0,77.600006,05,25.8,2023-05-15T15:00,2023
15,16:00,13.0,77.600006,05,25.2,2023-05-15T16:00,2023
15,17:00,13.0,77.600006,05,24.4,2023-05-15T17:00,2023
15,18:00,13.0,77.600006,05,23.8,2023-05-15T18:00,2023
15,19:00,13.0,77.600006,05,23.3,2023-05-15T19:00,2023
15,20:00,13.0,77.600006,05,22.6,2023-05-15T20:00,2023
15,21:00,13.0,77.600006,05,22.0,2023-05-15T21:00,2023
15,22:00,13.0,77.600006,05,21.4,2023-05-15T22:00,2023
15,23:00,13.0,77.600006,05,20.9,2023-05-15T23:00,2023
16,00:00,13.0,77.600006,05,20.5,2023-05-16T00:00,2023
16,01:00,13.0,77.600006,05,20.6,2023-05-16T01:00,2023
16,02:00,13.0,77.600006,05,22.8,2023-05-16T02:00,2023
16,03:00,13.0,77.600006,05,25.0,2023-05-16T03:00,2023
16,04:00,13.0,77.600006,05,27.1,2023-05-16T04:00,2023
16,05:00,13.0,77.600006,05,28.9,2023-05-16T05:00,2023
16,06:00,13.0,77.600006,05,30.4,2023-05-16T06:00,2023
16,07:00,13.0,77.600006,05,31.5,2023-05-16T07:00,2023
16,08:00,13.0,77.600006,05,32.0,2023-05-16T08:00,2023
16,09:00,13.0,77.600006,05,32.3,2023-05-16T09:00,2023
16,10:00,13.0,77.600006,05,32.2,2023-05-16T10:00,2023
16,11:00,13.0,77.600006,05,31.9,2023-05-16T11:00,2023
16,12:00,13.0,77.600006,05,30.9,2023-05-16T12:00,2023
16,13:00,13.0,77.600006,05,29.4,2023-05-16T13:00,2023
16,14:00,13.0,77.600006,05,27.8,2023-05-16T14:00,2023
16,15:00,13.0,77.600006,05,26.4,2023-05-16T15:00,2023
16,16:00,13.0,77.600006,05,25.5,2023-05-16T16:00,2023
16,17:00,13.0,77.600006,05,24.7,2023-05-16T17:00,2023
16,18:00,13.0,77.600006,05,24.2,2023-05-16T18:00,2023
16,19:00,13.0,77.600006,05,23.9,2023-05-16T19:00,2023
16,20:00,13.0,77.600006,05,23.5,2023-05-16T20:00,2023
16,21:00,13.0,77.600006,05,23.6,2023-05-16T21:00,2023
16,22:00,13.0,77.600006,05,23.1,2023-05-16T22:00,2023
16,23:00,13.0,77.600006,05,22.6,2023-05-16T23:00,2023
17,00:00,13.0,77.600006,05,22.0,2023-05-17T00:00,2023
17,01:00,13.0,77.600006,05,21.5,2023-05-17T01:00,2023
17,02:00,13.0,77.600006,05,24.1,2023-05-17T02:00,2023
17,03:00,13.0,77.600006,05,26.9,2023-05-17T03:00,2023
17,04:00,13.0,77.600006,05,29.3,2023-05-17T04:00,2023
17,05:00,13.0,77.600006,05,31.0,2023-05-17T05:00,2023
17,06:00,13.0,77.600006,05,32.1,2023-05-17T06:00,2023
17,07:00,13.0,77.600006,05,32.2,2023-05-17T07:00,2023
17,08:00,13.0,77.600006,05,32.9,2023-05-17T08:00,2023
17,09:00,13.0,77.600006,05,33.1,2023-05-17T09:00,2023
17,10:00,13.0,77.600006,05,32.9,2023-05-17T10:00,2023
17,11:00,13.0,77.600006,05,32.5,2023-05-17T11:00,2023
17,12:00,13.0,77.600006,05,31.8,2023-05-17T12:00,2023
17,13:00,13.0,77.600006,05,30.1,2023-05-17T13:00,2023
17,14:00,13.0,77.600006,05,27.9,2023-05-17T14:00,2023
17,15:00,13.0,77.600006,05,26.7,2023-05-17T15:00,2023
17,16:00,13.0,77.600006,05,25.7,2023-05-17T16:00,2023
17,17:00,13.0,77.600006,05,24.9,2023-05-17T17:00,2023
17,18:00,13.0,77.600006,05,24.3,2023-05-17T18:00,2023
17,19:00,13.0,77.600006,05,24.0,2023-05-17T19:00,2023
17,20:00,13.0,77.600006,05,23.4,2023-05-17T20:00,2023
17,21:00,13.0,77.600006,05,23.0,2023-05-17T21:00,2023
17,22:00,13.0,77.600006,05,22.6,2023-05-17T22:00,2023
17,23:00,13.0,77.600006,05,22.2,2023-05-17T23:00,2023
18,00:00,13.0,77.600006,05,21.7,2023-05-18T00:00,2023
18,01:00,13.0,77.600006,05,21.7,2023-05-18T01:00,2023
18,02:00,13.0,77.600006,05,24.3,2023-05-18T02:00,2023
18,03:00,13.0,77.600006,05,26.4,2023-05-18T03:00,2023
18,04:00,13.0,77.600006,05,28.5,2023-05-18T04:00,2023
18,05:00,13.0,77.600006,05,30.3,2023-05-18T05:00,2023
18,06:00,13.0,77.600006,05,31.2,2023-05-18T06:00,2023
18,07:00,13.0,77.600006,05,32.3,2023-05-18T07:00,2023
18,08:00,13.0,77.600006,05,32.7,2023-05-18T08:00,2023
18,09:00,13.0,77.600006,05,32.9,2023-05-18T09:00,2023
18,10:00,13.0,77.600006,05,32.8,2023-05-18T10:00,2023
18,11:00,13.0,77.600006,05,32.6,2023-05-18T11:00,2023
18,12:00,13.0,77.600006,05,31.7,2023-05-18T12:00,2023
18,13:00,13.0,77.600006,05,30.0,2023-05-18T13:00,2023
18,14:00,13.0,77.600006,05,28.1,2023-05-18T14:00,2023
18,15:00,13.0,77.600006,05,26.7,2023-05-18T15:00,2023
18,16:00,13.0,77.600006,05,25.6,2023-05-18T16:00,2023
18,17:00,13.0,77.600006,05,24.8,2023-05-18T17:00,2023
18,18:00,13.0,77.600006,05,23.8,2023-05-18T18:00,2023
18,19:00,13.0,77.600006,05,23.6,2023-05-18T19:00,2023
18,20:00,13.0,77.600006,05,23.2,2023-05-18T20:00,2023
18,21:00,13.0,77.600006,05,22.7,2023-05-18T21:00,2023
18,22:00,13.0,77.600006,05,22.4,2023-05-18T22:00,2023
18,23:00,13.0,77.600006,05,22.2,2023-05-18T23:00,2023
19,00:00,13.0,77.600006,05,21.8,2023-05-19T00:00,2023
19,01:00,13.0,77.600006,05,21.8,2023-05-19T01:00,2023
19,02:00,13.0,77.600006,05,24.2,2023-05-19T02:00,2023
19,03:00,13.0,77.600006,05,26.6,2023-05-19T03:00,2023
19,04:00,13.0,77.600006,05,28.8,2023-05-19T04:00,2023
19,05:00,13.0,77.600006,05,30.6,2023-05-19T05:00,2023
19,06:00,13.0,77.600006,05,31.8,2023-05-19T06:00,2023
19,07:00,13.0,77.600006,05,32.4,2023-05-19T07:00,2023
19,08:00,13.0,77.600006,05,32.4,2023-05-19T08:00,2023
19,09:00,13.0,77.600006,05,32.7,2023-05-19T09:00,2023
19,10:00,13.0,77.600006,05,32.7,2023-05-19T10:00,2023
19,11:00,13.0,77.600006,05,32.2,2023-05-19T11:00,2023
19,12:00,13.0,77.600006,05,31.4,2023-05-19T12:00,2023
19,13:00,13.0,77.600006,05,30.4,2023-05-19T13:00,2023
19,14:00,13.0,77.600006,05,28.7,2023-05-19T14:00,2023
19,15:00,13.0,77.600006,05,27.6,2023-05-19T15:00,2023
19,16:00,13.0,77.600006,05,26.7,2023-05-19T16:00,2023
19,17:00,13.0,77.600006,05,25.9,2023-05-19T17:00,2023
19,18:00,13.0,77.600006,05,24.4,2023-05-19T18:00,2023
19,19:00,13.0,77.600006,05,23.7,2023-05-19T19:00,2023
19,20:00,13.0,77.600006,05,22.9,2023-05-19T20:00,2023
19,21:00,13.0,77.600006,05,22.4,2023-05-19T21:00,2023
19,22:00,13.0,77.600006,05,22.2,2023-05-19T22:00,2023
19,23:00,13.0,77.600006,05,21.8,2023-05-19T23:00,2023
20,00:00,13.0,77.600006,05,21.6,2023-05-20T00:00,2023
20,01:00,13.0,77.600006,05,21.9,2023-05-20T01:00,2023
20,02:00,13.0,77.600006,05,23.3,2023-05-20T02:00,2023
20,03:00,13.0,77.600006,05,25.3,2023-05-20T03:00,2023
20,04:00,13.0,77.600006,05,27.3,2023-05-20T04:00,2023
20,05:00,13.0,77.600006,05,29.1,2023-05-20T05:00,2023
20,06:00,13.0,77.600006,05,30.7,2023-05-20T06:00,2023
20,07:00,13.0,77.600006,05,31.5,2023-05-20T07:00,2023
20,08:00,13.0,77.600006,05,31.8,2023-05-20T08:00,2023
20,09:00,13.0,77.600006,05,32.2,2023-05-20T09:00,2023
20,10:00,13.0,77.600006,05,32.1,2023-05-20T10:00,2023
20,11:00,13.0,77.600006,05,31.3,2023-05-20T11:00,2023
20,12:00,13.0,77.600006,05,30.6,2023-05-20T12:00,2023
20,13:00,13.0,77.600006,05,28.7,2023-05-20T13:00,2023
20,14:00,13.0,77.600006,05,26.3,2023-05-20T14:00,2023
20,15:00,13.0,77.600006,05,25.7,2023-05-20T15:00,2023
20,16:00,13.0,77.600006,05,24.8,2023-05-20T16:00,2023
20,17:00,13.0,77.600006,05,23.7,2023-05-20T17:00,2023
20,18:00,13.0,77.600006,05,22.9,2023-05-20T18:00,2023
20,19:00,13.0,77.600006,05,22.5,2023-05-20T19:00,2023
20,20:00,13.0,77.600006,05,22.4,2023-05-20T20:00,2023
20,21:00,13.0,77.600006,05,22.1,2023-05-20T21:00,2023
20,22:00,13.0,77.600006,05,22.0,2023-05-20T22:00,2023
20,23:00,13.0,77.600006,05,21.7,2023-05-20T23:00,2023
21,00:00,13.0,77.600006,05,21.5,2023-05-21T00:00,2023
21,01:00,13.0,77.600006,05,21.6,2023-05-21T01:00,2023
21,02:00,13.0,77.600006,05,23.4,2023-05-21T02:00,2023
21,03:00,13.0,77.600006,05,25.3,2023-05-21T03:00,2023
21,04:00,13.0,77.600006,05,27.4,2023-05-21T04:00,2023
21,05:00,13.0,77.600006,05,29.1,2023-05-21T05:00,2023
21,06:00,13.0,77.600006,05,30.4,2023-05-21T06:00,2023
21,07:00,13.0,77.600006,05,31.1,2023-05-21T07:00,2023
21,08:00,13.0,77.600006,05,31.6,2023-05-21T08:00,2023
21,09:00,13.0,77.600006,05,30.9,2023-05-21T09:00,2023
21,10:00,13.0,77.600006,05,29.1,2023-05-21T10:00,2023
21,11:00,13.0,77.600006,05,26.7,2023-05-21T11:00,2023
21,12:00,13.0,77.600006,05,25.5,2023-05-21T12:00,2023
21,13:00,13.0,77.600006,05,24.0,2023-05-21T13:00,2023
21,14:00,13.0,77.600006,05,23.5,2023-05-21T14:00,2023
21,15:00,13.0,77.600006,05,22.6,2023-05-21T15:00,2023
21,16:00,13.0,77.600006,05,22.2,2023-05-21T16:00,2023
21,17:00,13.0,77.600006,05,22.0,2023-05-21T17:00,2023
21,18:00,13.0,77.600006,05,21.8,2023-05-21T18:00,2023
21,19:00,13.0,77.600006,05,21.8,2023-05-21T19:00,2023
21,20:00,13.0,77.600006,05,21.6,2023-05-21T20:00,2023
21,21:00,13.0,77.600006,05,21.4,2023-05-21T21:00,2023
21,22:00,13.0,77.600006,05,21.3,2023-05-21T22:00,2023
21,23:00,13.0,77.600006,05,21.1,2023-05-21T23:00,2023
22,00:00,13.0,77.600006,05,21.0,2023-05-22T00:00,2023
22,01:00,13.0,77.600006,05,21.2,2023-05-22T01:00,2023
22,02:00,13.0,77.600006,05,22.6,2023-05-22T02:00,2023
22,03:00,13.0,77.600006,05,24.5,2023-05-22T03:00,2023
22,04:00,13.0,77.600006,05,26.5,2023-05-22T04:00,2023
22,05:00,13.0,77.600006,05,28.4,2023-05-22T05:00,2023
22,06:00,13.0,77.600006,05,29.7,2023-05-22T06:00,2023
22,07:00,13.0,77.600006,05,30.1,2023-05-22T07:00,2023
22,08:00,13.0,77.600006,05,30.5,2023-05-22T08:00,2023
22,09:00,13.0,77.600006,05,30.8,2023-05-22T09:00,2023
22,10:00,13.0,77.600006,05,29.7,2023-05-22T10:00,2023
22,11:00,13.0,77.600006,05,28.3,2023-05-22T11:00,2023
22,12:00,13.0,77.600006,05,26.7,2023-05-22T12:00,2023
22,13:00,13.0,77.600006,05,25.2,2023-05-22T13:00,2023
22,14:00,13.0,77.600006,05,24.2,2023-05-22T14:00,2023
22,15:00,13.0,77.600006,05,23.7,2023-05-22T15:00,2023
22,16:00,13.0,77.600006,05,22.9,2023-05-22T16:00,2023
22,17:00,13.0,77.600006,05,22.4,2023-05-22T17:00,2023
22,18:00,13.0,77.600006,05,22.1,2023-05-22T18:00,2023
22,19:00,13.0,77.600006,05,22.4,2023-05-22T19:00,2023
22,20:00,13.0,77.600006,05,22.1,2023-05-22T20:00,2023
22,21:00,13.0,77.600006,05,21.8,2023-05-22T21:00,2023
22,22:00,13.0,77.600006,05,21.4,2023-05-22T22:00,2023
22,23:00,13.0,77.600006,05,21.1,2023-05-22T23:00,2023
23,00:00,13.0,77.600006,05,21.1,2023-05-23T00:00,2023
23,01:00,13.0,77.600006,05,21.1,2023-05-23T01:00,2023
23,02:00,13.0,77.600006,05,22.8,2023-05-23T02:00,2023
23,03:00,13.0,77.600006,05,24.7,2023-05-23T03:00,2023
23,04:00,13.0,77.600006,05,26.5,2023-05-23T04:00,2023
23,05:00,13.0,77.600006,05,28.1,2023-05-23T05:00,2023
23,06:00,13.0,77.600006,05,29.4,2023-05-23T06:00,2023
23,07:00,13.0,77.600006,05,30.0,2023-05-23T07:00,2023
23,08:00,13.0,77.600006,05,30.8,2023-05-23T08:00,2023
23,09:00,13.0,77.600006,05,31.0,2023-05-23T09:00,2023
23,10:00,13.0,77.600006,05,31.0,2023-05-23T10:00,2023
23,11:00,13.0,77.600006,05,30.4,2023-05-23T11:00,2023
23,12:00,13.0,77.600006,05,29.2,2023-05-23T12:00,2023
23,13:00,13.0,77.600006,05,28.0,2023-05-23T13:00,2023
23,14:00,13.0,77.600006,05,26.5,2023-05-23T14:00,2023
23,15:00,13.0,77.600006,05,25.6,2023-05-23T15:00,2023
23,16:00,13.0,77.600006,05,24.8,2023-05-23T16:00,2023
23,17:00,13.0,77.600006,05,24.2,2023-05-23T17:00,2023
23,18:00,13.0,77.600006,05,23.5,2023-05-23T18:00,2023
23,19:00,13.0,77.600006,05,23.3,2023-05-23T19:00,2023
23,20:00,13.0,77.600006,05,22.6,2023-05-23T20:00,2023
23,21:00,13.0,77.600006,05,22.1,2023-05-23T21:00,2023
23,22:00,13.0,77.600006,05,21.7,2023-05-23T22:00,2023
23,23:00,13.0,77.600006,05,21.4,2023-05-23T23:00,2023
24,00:00,13.0,77.600006,05,21.2,2023-05-24T00:00,2023
24,01:00,13.0,77.600006,05,21.2,2023-05-24T01:00,2023
24,02:00,13.0,77.600006,05,22.7,2023-05-24T02:00,2023
24,03:00,13.0,77.600006,05,24.5,2023-05-24T03:00,2023
24,04:00,13.0,77.600006,05,26.5,2023-05-24T04:00,2023
24,05:00,13.0,77.600006,05,28.2,2023-05-24T05:00,2023
24,06:00,13.0,77.600006,05,29.5,2023-05-24T06:00,2023
24,07:00,13.0,77.600006,05,30.1,2023-05-24T07:00,2023
24,08:00,13.0,77.600006,05,30.6,2023-05-24T08:00,2023
24,09:00,13.0,77.600006,05,30.8,2023-05-24T09:00,2023
24,10:00,13.0,77.600006,05,30.4,2023-05-24T10:00,2023
24,11:00,13.0,77.600006,05,30.3,2023-05-24T11:00,2023
24,12:00,13.0,77.600006,05,27.9,2023-05-24T12:00,2023
24,13:00,13.0,77.600006,05,25.5,2023-05-24T13:00,2023
24,14:00,13.0,77.600006,05,24.0,2023-05-24T14:00,2023
24,15:00,13.0,77.600006,05,23.5,2023-05-24T15:00,2023
24,16:00,13.0,77.600006,05,23.5,2023-05-24T16:00,2023
24,17:00,13.0,77.600006,05,23.2,2023-05-24T17:00,2023
24,18:00,13.0,77.600006,05,23.0,2023-05-24T18:00,2023
24,19:00,13.0,77.600006,05,23.2,2023-05-24T19:00,2023
24,20:00,13.0,77.600006,05,22.7,2023-05-24T20:00,2023
24,21:00,13.0,77.600006,05,22.3,2023-05-24T21:00,2023
24,22:00,13.0,77.600006,05,22.0,2023-05-24T22:00,2023
24,23:00,13.0,77.600006,05,21.6,2023-05-24T23:00,2023
25,00:00,13.0,77.600006,05,21.4,2023-05-25T00:00,2023
25,01:00,13.0,77.600006,05,21.5,2023-05-25T01:00,2023
25,02:00,13.0,77.600006,05,22.5,2023-05-25T02:00,2023
25,03:00,13.0,77.600006,05,24.1,2023-05-25T03:00,2023
25,04:00,13.0,77.600006,05,25.8,2023-05-25T04:00,2023
25,05:00,13.0,77.600006,05,27.7,2023-05-25T05:00,2023
25,06:00,13.0,77.600006,05,29.0,2023-05-25T06:00,2023
25,07:00,13.0,77.600006,05,29.3,2023-05-25T07:00,2023
25,08:00,13.0,77.600006,05,29.8,2023-05-25T08:00,2023
25,09:00,13.0,77.600006,05,29.9,2023-05-25T09:00,2023
25,10:00,13.0,77.600006,05,29.9,2023-05-25T10:00,2023
25,11:00,13.0,77.600006,05,28.5,2023-05-25T11:00,2023
25,12:00,13.0,77.600006,05,25.8,2023-05-25T12:00,2023
25,13:00,13.0,77.600006,05,23.5,2023-05-25T13:00,2023
25,14:00,13.0,77.600006,05,23.1,2023-05-25T14:00,2023
25,15:00,13.0,77.600006,05,23.0,2023-05-25T15:00,2023
25,16:00,13.0,77.600006,05,23.0,2023-05-25T16:00,2023
25,17:00,13.0,77.600006,05,22.9,2023-05-25T17:00,2023
25,18:00,13.0,77.600006,05,22.7,2023-05-25T18:00,2023
25,19:00,13.0,77.600006,05,22.7,2023-05-25T19:00,2023
25,20:00,13.0,77.600006,05,22.4,2023-05-25T20:00,2023
25,21:00,13.0,77.600006,05,22.0,2023-05-25T21:00,2023
25,22:00,13.0,77.600006,05,21.8,2023-05-25T22:00,2023
25,23:00,13.0,77.600006,05,21.5,2023-05-25T23:00,2023
26,00:00,13.0,77.600006,05,21.3,2023-05-26T00:00,2023
26,01:00,13.0,77.600006,05,21.3,2023-05-26T01:00,2023
26,02:00,13.0,77.600006,05,22.4,2023-05-26T02:00,2023
26,03:00,13.0,77.600006,05,24.1,2023-05-26T03:00,2023
26,04:00,13.0,77.600006,05,25.7,2023-05-26T04:00,2023
26,05:00,13.0,77.600006,05,27.5,2023-05-26T05:00,2023
26,06:00,13.0,77.600006,05,28.6,2023-05-26T06:00,2023
26,07:00,13.0,77.600006,05,29.4,2023-05-26T07:00,2023
26,08:00,13.0,77.600006,05,30.1,2023-05-26T08:00,2023
26,09:00,13.0,77.600006,05,30.4,2023-05-26T09:00,2023
26,10:00,13.0,77.600006,05,30.5,2023-05-26T10:00,2023
26,11:00,13.0,77.600006,05,30.2,2023-05-26T11:00,2023
26,12:00,13.0,77.600006,05,29.0,2023-05-26T12:00,2023
26,13:00,13.0,77.600006,05,27.6,2023-05-26T13:00,2023
26,14:00,13.0,77.600006,05,26.2,2023-05-26T14:00,2023
26,15:00,13.0,77.600006,05,25.2,2023-05-26T15:00,2023
26,16:00,13.0,77.600006,05,24.3,2023-05-26T16:00,2023
26,17:00,13.0,77.600006,05,23.6,2023-05-26T17:00,2023
26,18:00,13.0,77.600006,05,23.1,2023-05-26T18:00,2023
26,19:00,13.0,77.600006,05,22.7,2023-05-26T19:00,2023
26,20:00,13.0,77.600006,05,22.1,2023-05-26T20:00,2023
26,21:00,13.0,77.600006,05,21.6,2023-05-26T21:00,2023
26,22:00,13.0,77.600006,05,21.2,2023-05-26T22:00,2023
26,23:00,13.0,77.600006,05,20.9,2023-05-26T23:00,2023
27,00:00,13.0,77.600006,05,20.6,2023-05-27T00:00,2023
27,01:00,13.0,77.600006,05,20.6,2023-05-27T01:00,2023
27,02:00,13.0,77.600006,05,22.1,2023-05-27T02:00,2023
27,03:00,13.0,77.600006,05,23.7,2023-05-27T03:00,2023
27,04:00,13.0,77.600006,05,25.6,2023-05-27T04:00,2023
27,05:00,13.0,77.600006,05,27.4,2023-05-27T05:00,2023
27,06:00,13.0,77.600006,05,28.9,2023-05-27T06:00,2023
27,07:00,13.0,77.600006,05,29.9,2023-05-27T07:00,2023
27,08:00,13.0,77.600006,05,29.8,2023-05-27T08:00,2023
27,09:00,13.0,77.600006,05,29.8,2023-05-27T09:00,2023
27,10:00,13.0,77.600006,05,29.9,2023-05-27T10:00,2023
27,11:00,13.0,77.600006,05,29.6,2023-05-27T11:00,2023
27,12:00,13.0,77.600006,05,27.9,2023-05-27T12:00,2023
27,13:00,13.0,77.600006,05,26.4,2023-05-27T13:00,2023
27,14:00,13.0,77.600006,05,25.7,2023-05-27T14:00,2023
27,15:00,13.0,77.600006,05,24.9,2023-05-27T15:00,2023
27,16:00,13.0,77.600006,05,24.3,2023-05-27T16:00,2023
27,17:00,13.0,77.600006,05,23.9,2023-05-27T17:00,2023
27,18:00,13.0,77.600006,05,23.9,2023-05-27T18:00,2023
27,19:00,13.0,77.600006,05,23.5,2023-05-27T19:00,2023
27,20:00,13.0,77.600006,05,23.4,2023-05-27T20:00,2023
27,21:00,13.0,77.600006,05,22.8,2023-05-27T21:00,2023
27,22:00,13.0,77.600006,05,22.1,2023-05-27T22:00,2023
27,23:00,13.0,77.600006,05,21.5,2023-05-27T23:00,2023
28,00:00,13.0,77.600006,05,21.1,2023-05-28T00:00,2023
28,01:00,13.0,77.600006,05,21.1,2023-05-28T01:00,2023
28,02:00,13.0,77.600006,05,23.0,2023-05-28T02:00,2023
28,03:00,13.0,77.600006,05,25.0,2023-05-28T03:00,2023
28,04:00,13.0,77.600006,05,26.8,2023-05-28T04:00,2023
28,05:00,13.0,77.600006,05,28.5,2023-05-28T05:00,2023
28,06:00,13.0,77.600006,05,29.8,2023-05-28T06:00,2023
28,07:00,13.0,77.600006,05,30.6,2023-05-28T07:00,2023
28,08:00,13.0,77.600006,05,30.8,2023-05-28T08:00,2023
28,09:00,13.0,77.600006,05,30.9,2023-05-28T09:00,2023
28,10:00,13.0,77.600006,05,30.8,2023-05-28T10:00,2023
28,11:00,13.0,77.600006,05,30.4,2023-05-28T11:00,2023
28,12:00,13.0,77.600006,05,29.1,2023-05-28T12:00,2023
28,13:00,13.0,77.600006,05,28.2,2023-05-28T13:00,2023
28,14:00,13.0,77.600006,05,27.0,2023-05-28T14:00,2023
28,15:00,13.0,77.600006,05,25.8,2023-05-28T15:00,2023
28,16:00,13.0,77.600006,05,24.8,2023-05-28T16:00,2023
28,17:00,13.0,77.600006,05,24.1,2023-05-28T17:00,2023
28,18:00,13.0,77.600006,05,23.6,2023-05-28T18:00,2023
28,19:00,13.0,77.600006,05,23.5,2023-05-28T19:00,2023
28,20:00,13.0,77.600006,05,23.0,2023-05-28T20:00,2023
28,21:00,13.0,77.600006,05,22.7,2023-05-28T21:00,2023
28,22:00,13.0,77.600006,05,22.6,2023-05-28T22:00,2023
28,23:00,13.0,77.600006,05,22.3,2023-05-28T23:00,2023
29,00:00,13.0,77.600006,05,21.9,2023-05-29T00:00,2023
29,01:00,13.0,77.600006,05,22.0,2023-05-29T01:00,2023
29,02:00,13.0,77.600006,05,23.9,2023-05-29T02:00,2023
29,03:00,13.0,77.600006,05,25.8,2023-05-29T03:00,2023
29,04:00,13.0,77.600006,05,27.8,2023-05-29T04:00,2023
29,05:00,13.0,77.600006,05,29.6,2023-05-29T05:00,2023
29,06:00,13.0,77.600006,05,30.7,2023-05-29T06:00,2023
29,07:00,13.0,77.600006,05,31.4,2023-05-29T07:00,2023
29,08:00,13.0,77.600006,05,32.2,2023-05-29T08:00,2023
29,09:00,13.0,77.600006,05,31.9,2023-05-29T09:00,2023
29,10:00,13.0,77.600006,05,31.8,2023-05-29T10:00,2023
29,11:00,13.0,77.600006,05,29.1,2023-05-29T11:00,2023
29,12:00,13.0,77.600006,05,28.3,2023-05-29T12:00,2023
29,13:00,13.0,77.600006,05,27.5,2023-05-29T13:00,2023
29,14:00,13.0,77.600006,05,26.1,2023-05-29T14:00,2023
29,15:00,13.0,77.600006,05,25.1,2023-05-29T15:00,2023
29,16:00,13.0,77.600006,05,24.5,2023-05-29T16:00,2023
29,17:00,13.0,77.600006,05,24.0,2023-05-29T17:00,2023
29,18:00,13.0,77.600006,05,23.5,2023-05-29T18:00,2023
29,19:00,13.0,77.600006,05,22.9,2023-05-29T19:00,2023
29,20:00,13.0,77.600006,05,22.8,2023-05-29T20:00,2023
29,21:00,13.0,77.600006,05,22.1,2023-05-29T21:00,2023
29,22:00,13.0,77.600006,05,22.1,2023-05-29T22:00,2023
29,23:00,13.0,77.600006,05,22.2,2023-05-29T23:00,2023
30,00:00,13.0,77.600006,05,22.0,2023-05-30T00:00,2023
30,01:00,13.0,77.600006,05,22.0,2023-05-30T01:00,2023
30,02:00,13.0,77.600006,05,23.2,2023-05-30T02:00,2023
30,03:00,13.0,77.600006,05,24.6,2023-05-30T03:00,2023
30,04:00,13.0,77.600006,05,26.9,2023-05-30T04:00,2023
30,05:00,13.0,77.600006,05,28.6,2023-05-30T05:00,2023
30,06:00,13.0,77.600006,05,30.0,2023-05-30T06:00,2023
30,07:00,13.0,77.600006,05,30.6,2023-05-30T07:00,2023
30,08:00,13.0,77.600006,05,30.9,2023-05-30T08:00,2023
30,09:00,13.0,77.600006,05,30.9,2023-05-30T09:00,2023
30,10:00,13.0,77.600006,05,29.7,2023-05-30T10:00,2023
30,11:00,13.0,77.600006,05,27.4,2023-05-30T11:00,2023
30,12:00,13.0,77.600006,05,26.0,2023-05-30T12:00,2023
30,13:00,13.0,77.600006,05,24.9,2023-05-30T13:00,2023
30,14:00,13.0,77.600006,05,24.4,2023-05-30T14:00,2023
30,15:00,13.0,77.600006,05,23.9,2023-05-30T15:00,2023
30,16:00,13.0,77.600006,05,23.3,2023-05-30T16:00,2023
30,17:00,13.0,77.600006,05,23.0,2023-05-30T17:00,2023
30,18:00,13.0,77.600006,05,22.6,2023-05-30T18:00,2023
30,19:00,13.0,77.600006,05,21.7,2023-05-30T19:00,2023
30,20:00,13.0,77.600006,05,21.4,2023-05-30T20:00,2023
30,21:00,13.0,77.600006,05,21.2,2023-05-30T21:00,2023
30,22:00,13.0,77.600006,05,21.1,2023-05-30T22:00,2023
30,23:00,13.0,77.600006,05,21.0,2023-05-30T23:00,2023
31,00:00,13.0,77.600006,05,20.8,2023-05-31T00:00,2023
31,01:00,13.0,77.600006,05,20.9,2023-05-31T01:00,2023
31,02:00,13.0,77.600006,05,22.4,2023-05-31T02:00,2023
31,03:00,13.0,77.600006,05,24.4,2023-05-31T03:00,2023
31,04:00,13.0,77.600006,05,26.4,2023-05-31T04:00,2023
31,05:00,13.0,77.600006,05,27.8,2023-05-31T05:00,2023
31,06:00,13.0,77.600006,05,28.7,2023-05-31T06:00,2023
31,07:00,13.0,77.600006,05,29.5,2023-05-31T07:00,2023
31,08:00,13.0,77.600006,05,29.2,2023-05-31T08:00,2023
31,09:00,13.0,77.600006,05,29.5,2023-05-31T09:00,2023
31,10:00,13.0,77.600006,05,29.4,2023-05-31T10:00,2023
31,11:00,13.0,77.600006,05,28.1,2023-05-31T11:00,2023
31,12:00,13.0,77.600006,05,26.9,2023-05-31T12:00,2023
31,13:00,13.0,77.600006,05,24.5,2023-05-31T13:00,2023
31,14:00,13.0,77.600006,05,22.8,2023-05-31T14:00,2023
31,15:00,13.0,77.600006,05,22.1,2023-05-31T15:00,2023
31,16:00,13.0,77.600006,05,22.1,2023-05-31T16:00,2023
31,17:00,13.0,77.600006,05,22.0,2023-05-31T17:00,2023
31,18:00,13.0,77.600006,05,22.0,2023-05-31T18:00,2023
31,19:00,13.0,77.600006,05,21.8,2023-05-31T19:00,2023
31,20:00,13.0,77.600006,05,21.7,2023-05-31T20:00,2023
31,21:00,13.0,77.600006,05,21.5,2023-05-31T21:00,2023
31,22:00,13.0,77.600006,05,21.3,2023-05-31T22:00,2023
31,23:00,13.0,77.600006,05,21.2,2023-05-31T23:00,2023
01,00:00,13.0,77.600006,06,21.0,2023-06-01T00:00,2023
01,01:00,13.0,77.600006,06,21.1,2023-06-01T01:00,2023
01,02:00,13.0,77.600006,06,22.5,2023-06-01T02:00,2023
01,03:00,13.0,77.600006,06,24.5,2023-06-01T03:00,2023
01,04:00,13.0,77.600006,06,26.5,2023-06-01T04:00,2023
01,05:00,13.0,77.600006,06,28.3,2023-06-01T05:00,2023
01,06:00,13.0,77.600006,06,29.5,2023-06-01T06:00,2023
01,07:00,13.0,77.600006,06,29.6,2023-06-01T07:00,2023
01,08:00,13.0,77.600006,06,29.5,2023-06-01T08:00,2023
01,09:00,13.0,77.600006,06,28.9,2023-06-01T09:00,2023
01,10:00,13.0,77.600006,06,28.8,2023-06-01T10:00,2023
01,11:00,13.0,77.600006,06,29.2,2023-06-01T11:00,2023
01,12:00,13.0,77.600006,06,26.7,2023-06-01T12:00,2023
01,13:00,13.0,77.600006,06,24.1,2023-06-01T13:00,2023
01,14:00,13.0,77.600006,06,22.9,2023-06-01T14:00,2023
01,15:00,13.0,77.600006,06,22.7,2023-06-01T15:00,2023
01,16:00,13.0,77.600006,06,22.8,2023-06-01T16:00,2023
01,17:00,13.0,77.600006,06,22.8,2023-06-01T17:00,2023
01,18:00,13.0,77.600006,06,22.6,2023-06-01T18:00,2023
01,19:00,13.0,77.600006,06,22.0,2023-06-01T19:00,2023
01,20:00,13.0,77.600006,06,21.7,2023-06-01T20:00,2023
01,21:00,13.0,77.600006,06,21.5,2023-06-01T21:00,2023
01,22:00,13.0,77.600006,06,21.4,2023-06-01T22:00,2023
01,23:00,13.0,77.600006,06,21.2,2023-06-01T23:00,2023
02,00:00,13.0,77.600006,06,20.9,2023-06-02T00:00,2023
02,01:00,13.0,77.600006,06,20.9,2023-06-02T01:00,2023
02,02:00,13.0,77.600006,06,21.5,2023-06-02T02:00,2023
02,03:00,13.0,77.600006,06,22.9,2023-06-02T03:00,2023
02,04:00,13.0,77.600006,06,24.5,2023-06-02T04:00,2023
02,05:00,13.0,77.600006,06,26.1,2023-06-02T05:00,2023
02,06:00,13.0,77.600006,06,28.0,2023-06-02T06:00,2023
02,07:00,13.0,77.600006,06,27.7,2023-06-02T07:00,2023
02,08:00,13.0,77.600006,06,29.3,2023-06-02T08:00,2023
02,09:00,13.0,77.600006,06,30.0,2023-06-02T09:00,2023
02,10:00,13.0,77.600006,06,30.3,2023-06-02T10:00,2023
02,11:00,13.0,77.600006,06,29.9,2023-06-02T11:00,2023
02,12:00,13.0,77.600006,06,29.2,2023-06-02T12:00,2023
02,13:00,13.0,77.600006,06,27.9,2023-06-02T13:00,2023
02,14:00,13.0,77.600006,06,26.3,2023-06-02T14:00,2023
02,15:00,13.0,77.600006,06,25.4,2023-06-02T15:00,2023
02,16:00,13.0,77.600006,06,24.4,2023-06-02T16:00,2023
02,17:00,13.0,77.600006,06,23.6,2023-06-02T17:00,2023
02,18:00,13.0,77.600006,06,22.9,2023-06-02T18:00,2023
02,19:00,13.0,77.600006,06,23.6,2023-06-02T19:00,2023
02,20:00,13.0,77.600006,06,23.0,2023-06-02T20:00,2023
02,21:00,13.0,77.600006,06,22.4,2023-06-02T21:00,2023
02,22:00,13.0,77.600006,06,21.9,2023-06-02T22:00,2023
02,23:00,13.0,77.600006,06,21.6,2023-06-02T23:00,2023
03,00:00,13.0,77.600006,06,21.3,2023-06-03T00:00,2023
03,01:00,13.0,77.600006,06,21.5,2023-06-03T01:00,2023
03,02:00,13.0,77.600006,06,22.7,2023-06-03T02:00,2023
03,03:00,13.0,77.600006,06,24.2,2023-06-03T03:00,2023
03,04:00,13.0,77.600006,06,25.7,2023-06-03T04:00,2023
03,05:00,13.0,77.600006,06,27.6,2023-06-03T05:00,2023
03,06:00,13.0,77.600006,06,29.1,2023-06-03T06:00,2023
03,07:00,13.0,77.600006,06,30.3,2023-06-03T07:00,2023
03,08:00,13.0,77.600006,06,31.0,2023-06-03T08:00,2023
03,09:00,13.0,77.600006,06,31.2,2023-06-03T09:00,2023
03,10:00,13.0,77.600006,06,31.0,2023-06-03T10:00,2023
03,11:00,13.0,77.600006,06,30.9,2023-06-03T11:00,2023
03,12:00,13.0,77.600006,06,29.0,2023-06-03T12:00,2023
03,13:00,13.0,77.600006,06,28.1,2023-06-03T13:00,2023
03,14:00,13.0,77.600006,06,26.9,2023-06-03T14:00,2023
03,15:00,13.0,77.600006,06,25.8,2023-06-03T15:00,2023
03,16:00,13.0,77.600006,06,24.8,2023-06-03T16:00,2023
03,17:00,13.0,77.600006,06,23.8,2023-06-03T17:00,2023
03,18:00,13.0,77.600006,06,23.3,2023-06-03T18:00,2023
03,19:00,13.0,77.600006,06,23.6,2023-06-03T19:00,2023
03,20:00,13.0,77.600006,06,23.3,2023-06-03T20:00,2023
03,21:00,13.0,77.600006,06,23.0,2023-06-03T21:00,2023
03,22:00,13.0,77.600006,06,22.5,2023-06-03T22:00,2023
03,23:00,13.0,77.600006,06,22.1,2023-06-03T23:00,2023
04,00:00,13.0,77.600006,06,21.6,2023-06-04T00:00,2023
04,01:00,13.0,77.600006,06,21.6,2023-06-04T01:00,2023
04,02:00,13.0,77.600006,06,23.1,2023-06-04T02:00,2023
04,03:00,13.0,77.600006,06,24.6,2023-06-04T03:00,2023
04,04:00,13.0,77.600006,06,26.1,2023-06-04T04:00,2023
04,05:00,13.0,77.600006,06,27.5,2023-06-04T05:00,2023
04,06:00,13.0,77.600006,06,28.8,2023-06-04T06:00,2023
04,07:00,13.0,77.600006,06,27.7,2023-06-04T07:00,2023
04,08:00,13.0,77.600006,06,28.4,2023-06-04T08:00,2023
04,09:00,13.0,77.600006,06,28.9,2023-06-04T09:00,2023
04,10:00,13.0,77.600006,06,28.7,2023-06-04T10:00,2023
04,11:00,13.0,77.600006,06,28.9,2023-06-04T11:00,2023
04,12:00,13.0,77.600006,06,28.2,2023-06-04T12:00,2023
04,13:00,13.0,77.600006,06,26.7,2023-06-04T13:00,2023
04,14:00,13.0,77.600006,06,25.4,2023-06-04T14:00,2023
04,15:00,13.0,77.600006,06,24.4,2023-06-04T15:00,2023
04,16:00,13.0,77.600006,06,23.8,2023-06-04T16:00,2023
04,17:00,13.0,77.600006,06,23.5,2023-06-04T17:00,2023
04,18:00,13.0,77.600006,06,23.2,2023-06-04T18:00,2023
04,19:00,13.0,77.600006,06,23.2,2023-06-04T19:00,2023
04,20:00,13.0,77.600006,06,22.7,2023-06-04T20:00,2023
04,21:00,13.0,77.600006,06,22.5,2023-06-04T21:00,2023
04,22:00,13.0,77.600006,06,22.3,2023-06-04T22:00,2023
04,23:00,13.0,77.600006,06,22.1,2023-06-04T23:00,2023
05,00:00,13.0,77.600006,06,21.8,2023-06-05T00:00,2023
05,01:00,13.0,77.600006,06,21.8,2023-06-05T01:00,2023
05,02:00,13.0,77.600006,06,22.6,2023-06-05T02:00,2023
05,03:00,13.0,77.600006,06,24.0,2023-06-05T03:00,2023
05,04:00,13.0,77.600006,06,25.8,2023-06-05T04:00,2023
05,05:00,13.0,77.600006,06,27.5,2023-06-05T05:00,2023
05,06:00,13.0,77.600006,06,28.9,2023-06-05T06:00,2023
05,07:00,13.0,77.600006,06,29.8,2023-06-05T07:00,2023
05,08:00,13.0,77.600006,06,30.4,2023-06-05T08:00,2023
05,09:00,13.0,77.600006,06,30.8,2023-06-05T09:00,2023
05,10:00,13.0,77.600006,06,30.7,2023-06-05T10:00,2023
05,11:00,13.0,77.600006,06,30.1,2023-06-05T11:00,2023
05,12:00,13.0,77.600006,06,29.2,2023-06-05T12:00,2023
05,13:00,13.0,77.600006,06,26.6,2023-06-05T13:00,2023
05,14:00,13.0,77.600006,06,26.2,2023-06-05T14:00,2023
05,15:00,13.0,77.600006,06,25.4,2023-06-05T15:00,2023
05,16:00,13.0,77.600006,06,25.0,2023-06-05T16:00,2023
05,17:00,13.0,77.600006,06,24.5,2023-06-05T17:00,2023
05,18:00,13.0,77.600006,06,23.9,2023-06-05T18:00,2023
05,19:00,13.0,77.600006,06,23.4,2023-06-05T19:00,2023
05,20:00,13.0,77.600006,06,22.7,2023-06-05T20:00,2023
05,21:00,13.0,77.600006,06,22.2,2023-06-05T21:00,2023
05,22:00,13.0,77.600006,06,21.9,2023-06-05T22:00,2023
05,23:00,13.0,77.600006,06,21.4,2023-06-05T23:00,2023
06,00:00,13.0,77.600006,06,21.0,2023-06-06T00:00,2023
06,01:00,13.0,77.600006,06,20.9,2023-06-06T01:00,2023
06,02:00,13.0,77.600006,06,22.1,2023-06-06T02:00,2023
06,03:00,13.0,77.600006,06,23.9,2023-06-06T03:00,2023
06,04:00,13.0,77.600006,06,25.8,2023-06-06T04:00,2023
06,05:00,13.0,77.600006,06,27.6,2023-06-06T05:00,2023
06,06:00,13.0,77.600006,06,29.0,2023-06-06T06:00,2023
06,07:00,13.0,77.600006,06,29.8,2023-06-06T07:00,2023
06,08:00,13.0,77.600006,06,30.2,2023-06-06T08:00,2023
06,09:00,13.0,77.600006,06,30.4,2023-06-06T09:00,2023
06,10:00,13.0,77.600006,06,30.6,2023-06-06T10:00,2023
06,11:00,13.0,77.600006,06,30.2,2023-06-06T11:00,2023
06,12:00,13.0,77.600006,06,29.3,2023-06-06T12:00,2023
06,13:00,13.0,77.600006,06,28.2,2023-06-06T13:00,2023
06,14:00,13.0,77.600006,06,26.9,2023-06-06T14:00,2023
06,15:00,13.0,77.600006,06,25.8,2023-06-06T15:00,2023
06,16:00,13.0,77.600006,06,25.2,2023-06-06T16:00,2023
06,17:00,13.0,77.600006,06,24.7,2023-06-06T17:00,2023
06,18:00,13.0,77.600006,06,24.1,2023-06-06T18:00,2023
06,19:00,13.0,77.600006,06,23.5,2023-06-06T19:00,2023
06,20:00,13.0,77.600006,06,23.0,2023-06-06T20:00,2023
06,21:00,13.0,77.600006,06,22.4,2023-06-06T21:00,2023
06,22:00,13.0,77.600006,06,21.9,2023-06-06T22:00,2023
06,23:00,13.0,77.600006,06,21.6,2023-06-06T23:00,2023
07,00:00,13.0,77.600006,06,21.4,2023-06-07T00:00,2023
07,01:00,13.0,77.600006,06,21.3,2023-06-07T01:00,2023
07,02:00,13.0,77.600006,06,22.4,2023-06-07T02:00,2023
07,03:00,13.0,77.600006,06,24.0,2023-06-07T03:00,2023
07,04:00,13.0,77.600006,06,25.9,2023-06-07T04:00,2023
07,05:00,13.0,77.600006,06,27.4,2023-06-07T05:00,2023
07,06:00,13.0,77.600006,06,28.8,2023-06-07T06:00,2023
07,07:00,13.0,77.600006,06,30.1,2023-06-07T07:00,2023
07,08:00,13.0,77.600006,06,30.4,2023-06-07T08:00,2023
07,09:00,13.0,77.600006,06,30.5,2023-06-07T09:00,2023
07,10:00,13.0,77.600006,06,30.4,2023-06-07T10:00,2023
07,11:00,13.0,77.600006,06,30.1,2023-06-07T11:00,2023
07,12:00,13.0,77.600006,06,29.6,2023-06-07T12:00,2023
07,13:00,13.0,77.600006,06,28.1,2023-06-07T13:00,2023
07,14:00,13.0,77.600006,06,26.5,2023-06-07T14:00,2023
07,15:00,13.0,77.600006,06,25.0,2023-06-07T15:00,2023
07,16:00,13.0,77.600006,06,23.7,2023-06-07T16:00,2023
07,17:00,13.0,77.600006,06,23.1,2023-06-07T17:00,2023
07,18:00,13.0,77.600006,06,22.7,2023-06-07T18:00,2023
07,19:00,13.0,77.600006,06,22.7,2023-06-07T19:00,2023
07,20:00,13.0,77.600006,06,22.1,2023-06-07T20:00,2023
07,21:00,13.0,77.600006,06,21.7,2023-06-07T21:00,2023
07,22:00,13.0,77.600006,06,21.4,2023-06-07T22:00,2023
07,23:00,13.0,77.600006,06,21.2,2023-06-07T23:00,2023
08,00:00,13.0,77.600006,06,21.0,2023-06-08T00:00,2023
08,01:00,13.0,77.600006,06,21.0,2023-06-08T01:00,2023
08,02:00,13.0,77.600006,06,22.4,2023-06-08T02:00,2023
08,03:00,13.0,77.600006,06,24.1,2023-06-08T03:00,2023
08,04:00,13.0,77.600006,06,25.7,2023-06-08T04:00,2023
08,05:00,13.0,77.600006,06,27.5,2023-06-08T05:00,2023
08,06:00,13.0,77.600006,06,29.1,2023-06-08T06:00,2023
08,07:00,13.0,77.600006,06,30.2,2023-06-08T07:00,2023
08,08:00,13.0,77.600006,06,31.0,2023-06-08T08:00,2023
08,09:00,13.0,77.600006,06,31.4,2023-06-08T09:00,2023
08,10:00,13.0,77.600006,06,31.1,2023-06-08T10:00,2023
08,11:00,13.0,77.600006,06,29.1,2023-06-08T11:00,2023
08,12:00,13.0,77.600006,06,28.6,2023-06-08T12:00,2023
08,13:00,13.0,77.600006,06,27.7,2023-06-08T13:00,2023
08,14:00,13.0,77.600006,06,26.4,2023-06-08T14:00,2023
08,15:00,13.0,77.600006,06,25.7,2023-06-08T15:00,2023
08,16:00,13.0,77.600006,06,25.0,2023-06-08T16:00,2023
08,17:00,13.0,77.600006,06,24.4,2023-06-08T17:00,2023
08,18:00,13.0,77.600006,06,23.8,2023-06-08T18:00,2023
08,19:00,13.0,77.600006,06,23.0,2023-06-08T19:00,2023
08,20:00,13.0,77.600006,06,22.5,2023-06-08T20:00,2023
08,21:00,13.0,77.600006,06,22.0,2023-06-08T21:00,2023
08,22:00,13.0,77.600006,06,21.6,2023-06-08T22:00,2023
08,23:00,13.0,77.600006,06,21.4,2023-06-08T23:00,2023
09,00:00,13.0,77.600006,06,21.1,2023-06-09T00:00,2023
09,01:00,13.0,77.600006,06,21.2,2023-06-09T01:00,2023
09,02:00,13.0,77.600006,06,22.1,2023-06-09T02:00,2023
09,03:00,13.0,77.600006,06,23.6,2023-06-09T03:00,2023
09,04:00,13.0,77.600006,06,25.8,2023-06-09T04:00,2023
09,05:00,13.0,77.600006,06,27.8,2023-06-09T05:00,2023
09,06:00,13.0,77.600006,06,29.5,2023-06-09T06:00,2023
09,07:00,13.0,77.600006,06,30.6,2023-06-09T07:00,2023
09,08:00,13.0,77.600006,06,31.0,2023-06-09T08:00,2023
09,09:00,13.0,77.600006,06,27.7,2023-06-09T09:00,2023
09,10:00,13.0,77.600006,06,28.1,2023-06-09T10:00,2023
09,11:00,13.0,77.600006,06,28.7,2023-06-09T11:00,2023
09,12:00,13.0,77.600006,06,28.3,2023-06-09T12:00,2023
09,13:00,13.0,77.600006,06,26.7,2023-06-09T13:00,2023
09,14:00,13.0,77.600006,06,25.1,2023-06-09T14:00,2023
09,15:00,13.0,77.600006,06,24.8,2023-06-09T15:00,2023
09,16:00,13.0,77.600006,06,24.2,2023-06-09T16:00,2023
09,17:00,13.0,77.600006,06,23.5,2023-06-09T17:00,2023
09,18:00,13.0,77.600006,06,22.8,2023-06-09T18:00,2023
09,19:00,13.0,77.600006,06,21.9,2023-06-09T19:00,2023
09,20:00,13.0,77.600006,06,21.4,2023-06-09T20:00,2023
09,21:00,13.0,77.600006,06,21.2,2023-06-09T21:00,2023
09,22:00,13.0,77.600006,06,20.9,2023-06-09T22:00,2023
09,23:00,13.0,77.600006,06,20.8,2023-06-09T23:00,2023
10,00:00,13.0,77.600006,06,20.9,2023-06-10T00:00,2023
10,01:00,13.0,77.600006,06,21.3,2023-06-10T01:00,2023
10,02:00,13.0,77.600006,06,22.5,2023-06-10T02:00,2023
10,03:00,13.0,77.600006,06,24.1,2023-06-10T03:00,2023
10,04:00,13.0,77.600006,06,26.2,2023-06-10T04:00,2023
10,05:00,13.0,77.600006,06,27.9,2023-06-10T05:00,2023
10,06:00,13.0,77.600006,06,26.3,2023-06-10T06:00,2023
10,07:00,13.0,77.600006,06,29.2,2023-06-10T07:00,2023
10,08:00,13.0,77.600006,06,27.8,2023-06-10T08:00,2023
10,09:00,13.0,77.600006,06,26.5,2023-06-10T09:00,2023
10,10:00,13.0,77.600006,06,27.4,2023-06-10T10:00,2023
10,11:00,13.0,77.600006,06,27.1,2023-06-10T11:00,2023
10,12:00,13.0,77.600006,06,25.5,2023-06-10T12:00,2023
10,13:00,13.0,77.600006,06,24.7,2023-06-10T13:00,2023
10,14:00,13.0,77.600006,06,24.2,2023-06-10T14:00,2023
10,15:00,13.0,77.600006,06,23.9,2023-06-10T15:00,2023
10,16:00,13.0,77.600006,06,23.6,2023-06-10T16:00,2023
10,17:00,13.0,77.600006,06,23.2,2023-06-10T17:00,2023
10,18:00,13.0,77.600006,06,22.7,2023-06-10T18:00,2023
10,19:00,13.0,77.600006,06,21.7,2023-06-10T19:00,2023
10,20:00,13.0,77.600006,06,21.4,2023-06-10T20:00,2023
10,21:00,13.0,77.600006,06,21.3,2023-06-10T21:00,2023
10,22:00,13.0,77.600006,06,21.1,2023-06-10T22:00,2023
10,23:00,13.0,77.600006,06,21.0,2023-06-10T23:00,2023
11,00:00,13.0,77.600006,06,21.0,2023-06-11T00:00,2023
11,01:00,13.0,77.600006,06,21.6,2023-06-11T01:00,2023
11,02:00,13.0,77.600006,06,22.9,2023-06-11T02:00,2023
11,03:00,13.0,77.600006,06,24.3,2023-06-11T03:00,2023
11,04:00,13.0,77.600006,06,25.9,2023-06-11T04:00,2023
11,05:00,13.0,77.600006,06,27.4,2023-06-11T05:00,2023
11,06:00,13.0,77.600006,06,28.7,2023-06-11T06:00,2023
11,07:00,13.0,77.600006,06,28.3,2023-06-11T07:00,2023
11,08:00,13.0,77.600006,06,29.0,2023-06-11T08:00,2023
11,09:00,13.0,77.600006,06,29.5,2023-06-11T09:00,2023
11,10:00,13.0,77.600006,06,29.6,2023-06-11T10:00,2023
11,11:00,13.0,77.600006,06,26.4,2023-06-11T11:00,2023
11,12:00,13.0,77.600006,06,26.3,2023-06-11T12:00,2023
11,13:00,13.0,77.600006,06,26.2,2023-06-11T13:00,2023
11,14:00,13.0,77.600006,06,25.5,2023-06-11T14:00,2023
11,15:00,13.0,77.600006,06,24.8,2023-06-11T15:00,2023
11,16:00,13.0,77.600006,06,24.0,2023-06-11T16:00,2023
11,17:00,13.0,77.600006,06,23.2,2023-06-11T17:00,2023
11,18:00,13.0,77.600006,06,22.5,2023-06-11T18:00,2023
11,19:00,13.0,77.600006,06,22.2,2023-06-11T19:00,2023
11,20:00,13.0,77.600006,06,21.7,2023-06-11T20:00,2023
11,21:00,13.0,77.600006,06,21.2,2023-06-11T21:00,2023
11,22:00,13.0,77.600006,06,20.8,2023-06-11T22:00,2023
11,23:00,13.0,77.600006,06,20.6,2023-06-11T23:00,2023
12,00:00,13.0,77.600006,06,20.5,2023-06-12T00:00,2023
12,01:00,13.0,77.600006,06,20.7,2023-06-12T01:00,2023
12,02:00,13.0,77.600006,06,21.9,2023-06-12T02:00,2023
12,03:00,13.0,77.600006,06,23.5,2023-06-12T03:00,2023
12,04:00,13.0,77.600006,06,25.4,2023-06-12T04:00,2023
12,05:00,13.0,77.600006,06,26.9,2023-06-12T05:00,2023
12,06:00,13.0,77.600006,06,28.0,2023-06-12T06:00,2023
12,07:00,13.0,77.600006,06,29.5,2023-06-12T07:00,2023
12,08:00,13.0,77.600006,06,29.9,2023-06-12T08:00,2023
12,09:00,13.0,77.600006,06,30.2,2023-06-12T09:00,2023
12,10:00,13.0,77.600006,06,30.1,2023-06-12T10:00,2023
12,11:00,13.0,77.600006,06,29.4,2023-06-12T11:00,2023
12,12:00,13.0,77.600006,06,25.4,2023-06-12T12:00,2023
12,13:00,13.0,77.600006,06,24.2,2023-06-12T13:00,2023
12,14:00,13.0,77.600006,06,23.9,2023-06-12T14:00,2023
12,15:00,13.0,77.600006,06,23.5,2023-06-12T15:00,2023
12,16:00,13.0,77.600006,06,23.2,2023-06-12T16:00,2023
12,17:00,13.0,77.600006,06,22.7,2023-06-12T17:00,2023
12,18:00,13.0,77.600006,06,22.2,2023-06-12T18:00,2023
12,19:00,13.0,77.600006,06,21.9,2023-06-12T19:00,2023
12,20:00,13.0,77.600006,06,21.5,2023-06-12T20:00,2023
12,21:00,13.0,77.600006,06,21.1,2023-06-12T21:00,2023
12,22:00,13.0,77.600006,06,20.9,2023-06-12T22:00,2023
12,23:00,13.0,77.600006,06,21.0,2023-06-12T23:00,2023
13,00:00,13.0,77.600006,06,21.1,2023-06-13T00:00,2023
13,01:00,13.0,77.600006,06,21.3,2023-06-13T01:00,2023
13,02:00,13.0,77.600006,06,22.3,2023-06-13T02:00,2023
13,03:00,13.0,77.600006,06,23.8,2023-06-13T03:00,2023
13,04:00,13.0,77.600006,06,25.6,2023-06-13T04:00,2023
13,05:00,13.0,77.600006,06,27.2,2023-06-13T05:00,2023
13,06:00,13.0,77.600006,06,28.8,2023-06-13T06:00,2023
13,07:00,13.0,77.600006,06,30.0,2023-06-13T07:00,2023
13,08:00,13.0,77.600006,06,30.5,2023-06-13T08:00,2023
13,09:00,13.0,77.600006,06,31.0,2023-06-13T09:00,2023
13,10:00,13.0,77.600006,06,30.3,2023-06-13T10:00,2023
13,11:00,13.0,77.600006,06,28.6,2023-06-13T11:00,2023
13,12:00,13.0,77.600006,06,26.7,2023-06-13T12:00,2023
13,13:00,13.0,77.600006,06,25.7,2023-06-13T13:00,2023
13,14:00,13.0,77.600006,06,25.0,2023-06-13T14:00,2023
13,15:00,13.0,77.600006,06,24.6,2023-06-13T15:00,2023
13,16:00,13.0,77.600006,06,24.3,2023-06-13T16:00,2023
13,17:00,13.0,77.600006,06,24.0,2023-06-13T17:00,2023
13,18:00,13.0,77.600006,06,23.4,2023-06-13T18:00,2023
13,19:00,13.0,77.600006,06,22.8,2023-06-13T19:00,2023
13,20:00,13.0,77.600006,06,22.3,2023-06-13T20:00,2023
13,21:00,13.0,77.600006,06,21.7,2023-06-13T21:00,2023
13,22:00,13.0,77.600006,06,21.4,2023-06-13T22:00,2023
13,23:00,13.0,77.600006,06,21.1,2023-06-13T23:00,2023
14,00:00,13.0,77.600006,06,20.7,2023-06-14T00:00,2023
14,01:00,13.0,77.600006,06,20.6,2023-06-14T01:00,2023
14,02:00,13.0,77.600006,06,22.0,2023-06-14T02:00,2023
14,03:00,13.0,77.600006,06,23.8,2023-06-14T03:00,2023
14,04:00,13.0,77.600006,06,25.6,2023-06-14T04:00,2023
14,05:00,13.0,77.600006,06,27.4,2023-06-14T05:00,2023
14,06:00,13.0,77.600006,06,28.9,2023-06-14T06:00,2023
14,07:00,13.0,77.600006,06,29.7,2023-06-14T07:00,2023
14,08:00,13.0,77.600006,06,29.7,2023-06-14T08:00,2023
14,09:00,13.0,77.600006,06,29.7,2023-06-14T09:00,2023
14,10:00,13.0,77.600006,06,29.6,2023-06-14T10:00,2023
14,11:00,13.0,77.600006,06,29.0,2023-06-14T11:00,2023
14,12:00,13.0,77.600006,06,28.4,2023-06-14T12:00,2023
14,13:00,13.0,77.600006,06,27.4,2023-06-14T13:00,2023
14,14:00,13.0,77.600006,06,26.5,2023-06-14T14:00,2023
14,15:00,13.0,77.600006,06,25.7,2023-06-14T15:00,2023
14,16:00,13.0,77.600006,06,24.9,2023-06-14T16:00,2023
14,17:00,13.0,77.600006,06,24.0,2023-06-14T17:00,2023
14,18:00,13.0,77.600006,06,23.2,2023-06-14T18:00,2023
14,19:00,13.0,77.600006,06,22.7,2023-06-14T19:00,2023
14,20:00,13.0,77.600006,06,22.1,2023-06-14T20:00,2023
14,21:00,13.0,77.600006,06,21.5,2023-06-14T21:00,2023
14,22:00,13.0,77.600006,06,21.2,2023-06-14T22:00,2023
14,23:00,13.0,77.600006,06,21.1,2023-06-14T23:00,2023
15,00:00,13.0,77.600006,06,21.0,2023-06-15T00:00,2023
15,01:00,13.0,77.600006,06,21.0,2023-06-15T01:00,2023
15,02:00,13.0,77.600006,06,22.0,2023-06-15T02:00,2023
15,03:00,13.0,77.600006,06,23.6,2023-06-15T03:00,2023
15,04:00,13.0,77.600006,06,25.6,2023-06-15T04:00,2023
15,05:00,13.0,77.600006,06,27.3,2023-06-15T05:00,2023
15,06:00,13.0,77.600006,06,29.1,2023-06-15T06:00,2023
15,07:00,13.0,77.600006,06,29.7,2023-06-15T07:00,2023
15,08:00,13.0,77.600006,06,30.0,2023-06-15T08:00,2023
15,09:00,13.0,77.600006,06,30.7,2023-06-15T09:00,2023
15,10:00,13.0,77.600006,06,30.5,2023-06-15T10:00,2023
15,11:00,13.0,77.600006,06,30.2,2023-06-15T11:00,2023
15,12:00,13.0,77.600006,06,29.5,2023-06-15T12:00,2023
15,13:00,13.0,77.600006,06,28.2,2023-06-15T13:00,2023
15,14:00,13.0,77.600006,06,27.0,2023-06-15T14:00,2023
15,15:00,13.0,77.600006,06,26.0,2023-06-15T15:00,2023
15,16:00,13.0,77.600006,06,25.4,2023-06-15T16:00,2023
15,17:00,13.0,77.600006,06,24.9,2023-06-15T17:00,2023
15,18:00,13.0,77.600006,06,24.1,2023-06-15T18:00,2023
15,19:00,13.0,77.600006,06,23.6,2023-06-15T19:00,2023
15,20:00,13.0,77.600006,06,22.9,2023-06-15T20:00,2023
15,21:00,13.0,77.600006,06,22.3,2023-06-15T21:00,2023
15,22:00,13.0,77.600006,06,21.7,2023-06-15T22:00,2023
15,23:00,13.0,77.600006,06,21.3,2023-06-15T23:00,2023
16,00:00,13.0,77.600006,06,20.8,2023-06-16T00:00,2023
16,01:00,13.0,77.600006,06,20.7,2023-06-16T01:00,2023
16,02:00,13.0,77.600006,06,22.1,2023-06-16T02:00,2023
16,03:00,13.0,77.600006,06,24.0,2023-06-16T03:00,2023
16,04:00,13.0,77.600006,06,25.9,2023-06-16T04:00,2023
16,05:00,13.0,77.600006,06,27.7,2023-06-16T05:00,2023
16,06:00,13.0,77.600006,06,29.3,2023-06-16T06:00,2023
16,07:00,13.0,77.600006,06,29.9,2023-06-16T07:00,2023
16,08:00,13.0,77.600006,06,30.6,2023-06-16T08:00,2023
16,09:00,13.0,77.600006,06,31.3,2023-06-16T09:00,2023
16,10:00,13.0,77.600006,06,31.6,2023-06-16T10:00,2023
16,11:00,13.0,77.600006,06,31.4,2023-06-16T11:00,2023
16,12:00,13.0,77.600006,06,30.7,2023-06-16T12:00,2023
16,13:00,13.0,77.600006,06,29.0,2023-06-16T13:00,2023
16,14:00,13.0,77.600006,06,27.3,2023-06-16T14:00,2023
16,15:00,13.0,77.600006,06,25.9,2023-06-16T15:00,2023
